question ; ans_ind ; optionA ; optionB ; optionC ; optionD
Electronic music producer Kygo's popularity skyrocketed after a certain remix. Which song did he remix? ; 2 ; Coldplay - Midnight ; Ed Sheeran - I See Fire ; Marvin Gaye - Sexual Healing ; a-ha - Take On Me
What is the world's most expensive spice by weight? ; 4 ; Vanilla ; Cardamom ; Cinnamon ; Saffron
Rolex is a company that specializes in what type of product? ; 4 ; Sports equipment ; Cars ; Computers ; Watches
A doctor with a PhD is a doctor of what? ; 1 ; Philosophy ; Psychology ; Physical Therapy ; Phrenology
What is the largest organ of the human body? ; 3 ; Heart ; Liver ; Skin ; large Intestine
"In the Morse code ;  which letter is indicated by 3 dots? " ; 1 ; S ; O ; C ; A
"What does the 'S' stand for in the abbreviation SIM ;  as in SIM card? " ; 2 ; Solid ; Subscriber ; Secure ; Single
What alcoholic drink is made from molasses? ; 1 ; Rum ; Vodka ; Gin ; Whisky
"Before the 19th Century ;  the ""Living Room"" was originally called the..." ; 1 ; Parlor ; Loft ; Open Room ; Sitting Room
Which of the following chemicals are found in eggplant seeds? ; 3 ; Psilocybin ; Cyanide ; Nicotine ; Mescaline
What is the unit of currency in Laos? ; 1 ; Kip ; Ruble ; Dollar ; Konra
"What did the Spanish autonomous community of Catalonia ban in 2010 ;  that took effect in 2012?" ; 4 ; Mariachi ; Fiestas ; Flamenco ; Bullfighting
What is on display in the Madame Tussaud's museum in London? ; 4 ; Vintage cars ; Unreleased film reels ; Designer clothing ; Wax sculptures
"What is the Spanish word for ""donkey""?" ; 2 ; Perro ; Burro ; Caballo ; Toro
Five dollars is worth how many nickles? ; 1 ; 100 ; 50 ; 69 ; 25
What character was once considered to be the 27th letter of the alphabet? ; 3 ; Interrobang ; Tilde ; Ampersand ; Pilcrow
Which of the following languages does NOT use gender as a part of its grammar? ; 2 ; Danish ; Turkish ; German ; Polish
Which American-owned brewery led the country in sales by volume in 2015? ; 3 ; Miller Coors ; Anheuser Busch ; "D. G. Yuengling and Son ;  Inc" ; Boston Beer Company
"According to Sherlock Holmes ;  ""If you eliminate the impossible ;  whatever remains ;  however improbable ;  must be the...""" ; 1 ; Truth ; Cause ; Source ; Answer
"The New York Times slogan is ;  “All the News That’s Fit to…”" ; 1 ; Print ; Digest ; Look ; Read
"De Eemhof ;  Port Zelande and Het Heijderbos are holiday villas owned by what company?" ; 2 ; Yelloh Village ; Center Parcs ; Villa Plus ; Keycamp
What year was Apple Inc. founded? ; 3 ; 1980 ; 1978 ; 1976 ; 1974
In what year was McDonald's founded? ; 3 ; 1964 ; 1947 ; 1955 ; 1951
"According to Fair Works Australia ;  how long do you have to work to get Long Service Leave?" ; 3 ; 8 years ; 2 years ; 7 years ; 6 months
"Which product did Nokia ;  the telecommunications company ;  originally sell?" ; 1 ; Paper ; Computers ; Phones ; Processors
"When did the website ""Facebook"" launch?" ; 1 ; 2004 ; 2005 ; 2006 ; 2003
Who founded the Khan Academy? ; 3 ; Adel Khan ; Ben Khan ; Sal Khan ; Kitt Khan
What machine element is located in the center of fidget spinners? ; 1 ; Bearings ; Gears ; Belts ; Axles
"In flight systems ;  what does the initialism ""TCAS"" stand for?" ; 3 ; Traffic Call-sign Abbreviation System ; Traffic Configuration Alignment System ; Traffic Collision Avoidance System ; Traffic Communication Alert System
Which of the following presidents is not on Mount Rushmore? ; 2 ; Theodore Roosevelt ; John F. Kennedy ; Abraham Lincoln ; Thomas Jefferson
Where did the pineapple plant originate? ; 4 ; Hawaii ; Europe ; Asia ; South America
Whose greyscale face is on the kappa emoticon on Twitch? ; 4 ; Justin DeSeno ; John DeSeno ; Jimmy DeSeno ; Josh DeSeno
"Originally another word for poppy ;  coquelicot is a shade of what?" ; 3 ; Blue ; Pink ; Red ; Green
Which item of clothing is usually worn by a Scotsman at a wedding? ; 3 ; Skirt ; Dress ; Kilt ; Rhobes
Which of the following is the IATA code for Manchester Airport? ; 3 ; EGLL ; EGCC ; MAN ; LHR
What nuts are used in the production of marzipan? ; 2 ; Walnuts ; Almonds ; Peanuts ; Pistachios
What is the star sign of someone born on Valentines day? ; 1 ; Aquarius ; Capricorn ; Scorpio ; Pisces
What was the name given to Japanese military dictators who ruled the country through the 12th and 19th Century? ; 3 ; Ninja ; Samurai ; Shogun ; Shinobi
What is the highest number of Michelin stars a restaurant can receive? ; 1 ; Three ; Five ; Four ; Six
"When someone is cowardly ;  they are said to have what color belly?" ; 4 ; Green ; Blue ; Red ; Yellow
What is the closest planet to our solar system's sun? ; 4 ; Mars ; Jupiter ; Earth ; Mercury
What is the name of NASA’s most famous space telescope? ; 3 ; Big Eye ; Death Star ; Hubble Space Telescope ; Millenium Falcon
What is the full title of the Prime Minister of the UK? ; 3 ; Duke of Cambridge ; Her Majesty's Loyal Opposition ; First Lord of the Treasury ; Manager of the Crown Estate
What is the most commonly used noun in the English language? ; 4 ; Man ; Water ; Home ; Time
Which of these cities does NOT have a United States Minting location? ; 4 ; "San Fransisco ;  CA" ; "Philidelphia ;  PA" ; "West Point ;  NY" ; "St. Louis ;  MO"
Which of the following  British Monarchs never appeared on a circulated pound sterling coin? ; 1 ; Edward VIII ; Charles II ; Victoria ; George VI
The Canadian $1 coin is colloquially known as a what? ; 4 ; Moodie ; Boolie ; Foolie ; Loonie
Which of the following blood component forms a plug at the site of injuries? ; 2 ; White blood cells ; Platelets ; Blood plasma ; Red blood cells
What is the famous Papa John's last name? ; 3 ; ANDERSON ; Williams ; Schnatter ; Chowder
"In ""Resident Evil 3"" ;  how many inventory slots does Jill have at the start of the game?" ; 3 ; 12 ; 8 ; 10 ; 6
"According to the BBPA ;  what is the most common pub name in the UK?" ; 3 ; Royal Oak ; White Hart ; Red Lion ; King's Head
Which company did Valve cooperate with in the creation of the Vive? ; 4 ; Google ; Oculus ; Razer ; HTC
What was the name of the WWF professional wrestling tag team made up of the wrestlers Ax and Smash? ; 1 ; Demolition ; The Bushwhackers ; The British Bulldogs ; The Dream Team
How would one say goodbye in Spanish? ; 4 ;  Hola ; Au Revoir ; Salir ; Adiós
"In the Morse code ;  which letter is indicated by 3 dots? " ; 3 ; C ; O ; S ; A
Which essential condiment is also known as Japanese horseradish? ; 3 ; Ponzu ; Mentsuyu ; Wasabi  ; Karashi
"When was ""YouTube"" founded?" ; 2 ; "September 12 ;  2005" ; "February 14 ;  2005" ; "May 22 ;  2004" ; "July 19 ;  2009"
What year was Queen Elizabeth II born? ; 2 ; 1929 ; 1926 ; 1930 ; 1923
What is the unit of currency in Laos? ; 3 ; Dollar ; Ruble ; Kip ; Konra
Sciophobia is the fear of what? ; 3 ; Bright lights ; Eating ; Shadows ; Transportation
"Which of the following is an existing family in ""The Sims""?" ; 2 ; The Simoleon Family ; The Goth Family ; The Family ; The Proud Family
Which of the following buildings is example of a structure primarily built in the Art Deco architectural style? ; 2 ; One Detroit Center ; Niagara Mohawk Building ; Westendstrasse 1 ; Taipei 101
"What did the Spanish autonomous community of Catalonia ban in 2010 ;  that took effect in 2012?" ; 2 ; Mariachi ; Bullfighting ; Fiestas ; Flamenco
What is the name given to Indian food cooked over charcoal in a clay oven? ; 3 ; Biryani ; Pani puri ; Tandoori ; Tiki masala
Which of these colours is NOT featured in the logo for Google? ; 2 ; Blue ; Pink ; Yellow ; Green
"What is the romanized Japanese word for ""university""?" ; 4 ; Shokudou ; Jimusho ; Toshokan ; Daigaku
"What is the romanized Korean word for ""heart""?" ; 4 ; Segseu ; Jeongsin ; Aejeong ; Simjang
"What is the romanized Arabic word for ""moon""?" ; 3 ; Shams ; Kawkab ; Qamar ; Najma
"On average ;  Americans consume 100 pounds of what per second?" ; 4 ; Potatoes ; Donuts ; Cocaine ; Chocolate
"According to the United States' CDC ;  one in how many Americans die annually due to smoking?" ; 4 ; One hundred ; Ten ; Twenty ; Five
"Who is the founder of ""The Lego Group""?" ; 2 ;  Jens Niels Christiansen ; Ole Kirk Christiansen ; Kirstine Christiansen ;  Gerhardt Kirk Christiansen
Who is depicted on the US hundred dollar bill? ; 3 ; George Washington ; Thomas Jefferson ; Benjamin Franklin ; Abraham Lincoln
When was Nintendo founded? ; 3 ; "December 27th ;  1894" ; "October 19th ;  1891" ; "September 23rd ;  1889" ; "March 4th ;  1887"
Which of the following languages does NOT use gender as a part of its grammar? ; 3 ; Danish ; Polish ; Turkish ; German
Which American-owned brewery led the country in sales by volume in 2015? ; 4 ; Anheuser Busch ; Boston Beer Company ; Miller Coors ; "D. G. Yuengling and Son ;  Inc"
What direction does the Statue of Liberty face? ; 4 ; Northeast ; Southwest ; Northwest ; Southeast
How tall is the Burj Khalifa? ; 3 ; "2 ; 717 ft" ; "2 ; 546 ft" ; "2 ; 722 ft" ; "3 ; 024 ft"
What year was the RoboSapien toy robot released? ; 3 ; 2001 ; 2006 ; 2004 ; 2000
"Which product did Nokia ;  the telecommunications company ;  originally sell?" ; 2 ; Phones ; Paper ; Processors ; Computers
Apple co-founder Steve Jobs died from complications of which form of cancer? ; 3 ; Bone ; Liver ; Pancreatic ; Stomach
Computer manufacturer Compaq was acquired for $25 billion dollars in 2002 by which company? ; 3 ; Dell ; Asus ; Hewlett-Packard ; Toshiba
"What was the original name of the search engine ""Google""?" ; 3 ; Netscape Navigator ; CatMassage ; BackRub ; SearchPro
Who founded the Khan Academy? ; 4 ; Adel Khan ; Ben Khan ; Kitt Khan ; Sal Khan
Earl Grey tea is black tea flavoured with what? ; 1 ; Bergamot oil ; Vanilla ; Honey ; Lavender
Where did the pineapple plant originate? ; 4 ; Asia ; Hawaii ; Europe ; South America
"Which of these words means ""idle spectator""?" ; 3 ; Meupareunia ; Gossypiboma ; Gongoozler ; Jentacular
What zodiac sign is represented by a pair of scales? ; 2 ; Aries ; Libra ; Sagittarius ; Capricorn
What was the name given to Japanese military dictators who ruled the country through the 12th and 19th Century? ; 1 ; Shogun ; Samurai ; Shinobi ; Ninja
"If you planted the seeds of Quercus robur ;  what would grow?" ; 1 ; Trees ; Flowers ; Grains ; Vegetables
"Which American manufactured submachine gun was informally known by the American soldiers that used it as ""Grease Gun""?" ; 1 ; M3 ; MAC-10 ; Thompson ; Colt 9mm
A statue of Charles Darwin sits in what London museum? ; 3 ; Science Museum ; Tate ; Natural History Museum ; British Museum
What is the weight of a Gold Bar in Fallout: New Vegas? ; 2 ; 40 Pounds ; 35 Pounds ; 32.50 Pounds ; 30 Pounds
What is the most commonly used noun in the English language? ; 4 ; Home ; Man ; Water ; Time
Which of these cities does NOT have a United States Minting location? ; 4 ; "Philidelphia ;  PA" ; "West Point ;  NY" ; "San Fransisco ;  CA" ; "St. Louis ;  MO"
Who is the author of Jurrasic Park? ; 1 ; Michael Crichton ; Peter Benchley ; Chuck Paluhniuk ; Irvine Welsh
"The Fields Medal ;  one of the most sought after awards in mathematics ;  is awarded every how many years?" ; 3 ; 5 ; 6 ; 4 ; 3
The drug cartel run by Pablo Escobar originated in which South American city? ; 1 ; Medellín ; Cali ; Bogotá ; Quito
The architect known as Le Corbusier was an important figure in what style of architecture? ; 4 ; Gothic Revival ; Baroque ; Neoclassical ; Modernism
What fast food chain has the most locations globally?  ; 3 ; KFC ; McDonalds ; Subway ; Starbucks
What are the three starter Pokemon available in Pokemon Black and White? ; 2 ; "Chespin ;  Fennekin ;  Oshawott" ; "Snivy ;  Tepig ;  Oshawott" ; "Chespin ;  Tepig ;  Froakie" ; "Snivy ;  Fennekin ;  Froakie"
What is the world's most expensive spice by weight? ; 4 ; Vanilla ; Cardamom ; Cinnamon ; Saffron
This field is sometimes known as “The Dismal Science.” ; 1 ; Economics ; Physics ; Politics ; Philosophy
"In a standard set of playing cards ;  which is the only king without a moustache?" ; 1 ; Hearts ; Clubs ; Diamonds ; Spades
Which river flows through the Scottish city of Glasgow? ; 4 ; Tay ; Dee ; Tweed ; Clyde
"In the video-game franchise Kingdom Hearts ;  the main protagonist ;  carries a weapon with what shape?" ; 1 ; Key ; Pen ; Cellphone ; Sword
"Which best selling toy of 1983 caused hysteria ;  resulting in riots breaking out in stores?" ; 4 ; Rubik’s Cube ; Transformers ; Care Bears ; Cabbage Patch Kids
What does a funambulist walk on? ; 1 ; A Tight Rope ; Broken Glass ; Balls ; The Moon
How would one say goodbye in Spanish? ; 2 ; Au Revoir ; Adiós ;  Hola ; Salir
"In the Morse code ;  which letter is indicated by 3 dots? " ; 4 ; C ; A ; O ; S
"On a dartboard ;  what number is directly opposite No. 1?" ; 1 ; 19 ; 20 ; 12 ; 15
What alcoholic drink is made from molasses? ; 1 ; Rum ; Gin ; Whisky ; Vodka
"The words ""bungalow"" and ""shampoo"" originate from the languages of which country?" ; 1 ; India ; Ethiopia ; Papua New Guinea ; China
Which film star has his statue in Leicester Square? ; 3 ; Rowan Atkinson  ; Alfred Hitchcock ; Charlie Chaplin ; Paul Newman
Red Vines is a brand of what type of candy? ; 2 ; Chocolate ; Licorice ; Bubblegum ; Lollipop
What was the destination of the missing flight MH370? ; 4 ; Kuala Lumpur ; Singapore ; Tokyo ; Beijing
"Which of the following is an existing family in ""The Sims""?" ; 2 ; The Proud Family ; The Goth Family ; The Family ; The Simoleon Family
What alcoholic drink is mainly made from juniper berries? ; 4 ; Tequila ; Vodka ; Rum ; Gin
Which Italian automobile manufacturer gained majority control of U.S. automobile manufacturer Chrysler in 2011? ; 1 ; Fiat ; Ferrari ; Maserati ; Alfa Romeo
What is the name given to Indian food cooked over charcoal in a clay oven? ; 2 ; Biryani ; Tandoori ; Tiki masala ; Pani puri
"What is the French word for ""hat""?" ; 1 ; Chapeau ; Bonnet ;  Casque ;  Écharpe
"What is the romanized Russian word for ""winter""?" ; 2 ; Leto ; Zima ; Osen' ; Vesna
"Which musician has collaborated with American producer Porter Robinson and released the 2016 song ""Shelter""?" ; 1 ; Madeon ; Zedd ; deadmau5 ; Mat Zo
"What is the name of the popular animatronic singing fish prop ;  singing such hits such as ""Don't Worry ;  Be Happy""?" ; 2 ; Big Billy Bass ; Big Mouth Billy Bass ; Sardeen ; Singing Fish
Five dollars is worth how many nickles? ; 2 ; 25 ; 100 ; 50 ; 69
What character was once considered to be the 27th letter of the alphabet? ; 2 ; Pilcrow ; Ampersand ; Interrobang ; Tilde
"The new One World Trade Center in Manhattan ;  New York City was designed by which architect? " ; 1 ; David Childs ; Michael Arad ; Bjarke Ingels ; Fumihiko Maki
How many calories are in a 355 ml can of Pepsi Cola? ; 3 ; 200 ; 100 ; 150 ; 155
Which of the General Mills Corporation's monster cereals was the last to be released in the 1970's? ; 3 ; Franken Berry ; Boo-Berry ; Fruit Brute ; Count Chocula
What was the soft drink Pepsi originally introduced as? ; 2 ; Pepsin Syrup ; Brad's Drink ; Carolina Cola ; Pepsin Pop
"What is the Portuguese word for ""Brazil""?" ; 3 ; Brasíl ; Brazil ; Brasil ; Brasilia
Which of the following card games revolves around numbers and basic math? ; 2 ; Go Fish ; Uno ; Munchkin ; Twister
What is a Burgee? ; 2 ; A rope ; A flag ; A window ; A type of food
"When did the website ""Facebook"" launch?" ; 2 ; 2006 ; 2004 ; 2005 ; 2003
Virtual reality company Oculus VR lost which of it's co-founders in a freak car accident in 2013? ; 1 ; Andrew Scott Reisse ; Palmer Luckey ; Jack McCauley ; Nate Mitchell
Who founded the Khan Academy? ; 3 ; Adel Khan ; Kitt Khan ; Sal Khan ; Ben Khan
"In flight systems ;  what does the initialism ""TCAS"" stand for?" ; 3 ; Traffic Communication Alert System ; Traffic Call-sign Abbreviation System ; Traffic Collision Avoidance System ; Traffic Configuration Alignment System
Which sign of the zodiac comes between Virgo and Scorpio? ; 2 ; Capricorn ; Libra ; Taurus ; Gemini
What is Tasmania? ; 2 ; A Psychological Disorder ; An Australian State ; The Name of a Warner Brothers Cartoon Character ; A flavor of Ben and Jerry's ice-cream
"If someone said ""you are olid"" ;  what would they mean?" ; 2 ; Your appearance is repulsive. ; You smell extremely unpleasant. ; You are incomprehensible/an idiot. ; You are out of shape/weak.
Which country drives on the left side of the road? ; 3 ; Germany ; Russia ; Japan ; China
In which fast food chain can you order a Jamocha Shake? ; 4 ; McDonald's ; Burger King ; Wendy's ; Arby's
Which of the following is the IATA code for Manchester Airport? ; 3 ; LHR ; EGCC ; MAN ; EGLL
What nuts are used in the production of marzipan? ; 1 ; Almonds ; Peanuts ; Walnuts ; Pistachios
What is Cynophobia the fear of? ; 1 ; Dogs ; Flying ; Germs ; Birds
"If you planted the seeds of Quercus robur ;  what would grow?" ; 2 ; Flowers ; Trees ; Grains ; Vegetables
"Which American manufactured submachine gun was informally known by the American soldiers that used it as ""Grease Gun""?" ; 4 ; MAC-10 ; Colt 9mm ; Thompson ; M3
"In the MMO RPG ""Realm of the Mad God"" ;  what dungeon is widely considered to be the most difficult?" ; 1 ; The Shatter's ; The Puppet Master's Theater ; Snake Pit ; The Tomb of the Acient's
Which of these cities does NOT have a United States Minting location? ; 4 ; "West Point ;  NY" ; "San Fransisco ;  CA" ; "Philidelphia ;  PA" ; "St. Louis ;  MO"
"What is the profession of Elon Musk's mom ;  Maye Musk?" ; 2 ; Professor ; Model ; Musician ; Biologist
What kind of aircraft was developed by Igor Sikorsky in the United States in 1942? ; 3 ; Jet ; Stealth Blimp ; Helicopter ; Space Capsule
"Who wrote ""Harry Potter""?" ; 1 ; J.K. Rowling ; J.R.R. Tolkien ; Terry Pratchett ; Daniel Radcliffe
Which famous book is sub-titled 'The Modern Prometheus'? ; 2 ; Dracula ; Frankenstein ; The Legend of Sleepy Hollow ; The Strange Case of Dr. Jekyll and Mr. Hyde 
"Who wrote the novel ""Moby-Dick""?" ; 4 ; William Shakespeare ; William Golding ; J. R. R. Tolkien ; Herman Melville
How many books are in the Chronicles of Narnia series? ; 1 ; 7 ; 5 ; 6 ; 8
"What was the name of Captain Nemo's submarine in ""20 ; 000 Leagues Under the Sea""?" ; 4 ; The Poseidon   ; The Neptune ; The Atlantis ; The Nautilus
"In the book ""The Martian"" ;  how long was Mark Watney trapped on Mars (in Sols)?" ; 1 ; 549 Days ; 324 Days ; 765 Days ; 401 Days
Which of the following is the world's best-selling book? ; 2 ; The Little Prince ; The Lord of the Rings ; The Da Vinci Code ; Harry Potter and the Philosopher's Stone
"In the Harry Potter universe ;  what is Cornelius Fudge's middle name?" ; 2 ; Harold ; Oswald ; Christopher ; James
What is Ron Weasley's middle name? ; 4 ; John ; Arthur ; Dominic ; Bilius
"In the Lord of the Rings ;  who is the father of the dwarf Gimli?" ; 4 ; Bombur ; Thorin Oakenshield ; Dwalin ; Gloin
"By what nickname is Jack Dawkins known in the Charles Dickens novel ;  'Oliver Twist'?" ; 1 ; The Artful Dodger ; Fagin ; Bull’s-eye ; Mr. Fang
What is the fourth book of the Old Testament? ; 1 ; Numbers ; Leviticus ; Genesis ; Exodus
Who wrote the novel 'Fear And Loathing In Las Vegas'? ; 4 ; Henry Miller ; F. Scott Fitzgerald ; William S. Burroughs ; Hunter S. Thompson
Abel Magwitch is a character from which Charles Dickens novel? ; 3 ; The Pickwick Papers ; Oliver Twist ; Great Expectations ; Nicholas Nickleby
"""Green Eggs And Ham"" is a book by which author?" ; 4 ; Roald Dahl ; A.A. Milne ; Beatrix Potter ; Dr. Seuss
"What was the name of the Mysterious Island ;  in Jules Verne's ""The Mysterious Island""?" ; 1 ; Lincoln Island ; Neptune Island ; Vulcania Island ; Prometheus Island
"In the ""The Hobbit"" ;  who kills Smaug?" ; 4 ; Bilbo Baggins ; Gandalf the Grey ; Frodo ; Bard
"The novel ""Of Mice And Men"" was written by what author? " ; 3 ; Harper Lee ; George Orwell ; John Steinbeck  ; Mark Twain 
Which of these does Charlie NOT read in The Perks of Being a Wallflower? ; 3 ; Hamlet ; The Great Gatsby ; The Grapes of Wrath ; Peter Pan
"In the year 1818 ;  novelist Mary Shelly is credited with writing a fiction novel and creating this infamous character." ; 3 ; Dracula ; The Thing ; Frankenstein's monster ; The Invisible Man
What is the name of the three headed dog in Harry Potter and the Sorcerer's Stone? ; 1 ; Fluffy ; Poofy ; Spot ; Spike
"The title of Adolf Hitler's autobiography ""Mein Kampf"" is what when translated to English?" ; 2 ; My Desire ; My Struggle ; My Hatred ; My Sadness
What is the name of the protagonist of J.D. Salinger's novel Catcher in the Rye? ; 1 ; Holden Caulfield ; Fletcher Christian ; Jay Gatsby ; Randall Flagg
What is the title of the first Sherlock Holmes book by Arthur Conan Doyle? ; 3 ; The Doings of Raffles Haw ; The Sign of the Four ; A Study in Scarlet ; A Case of Identity
Which American author was also a budding travel writer and wrote of his adventures with his dog Charley? ; 3 ; F. Scott Fitzgerald ; William Faulkner ; John Steinbeck ; Ernest Hemingway
"The book ""The Little Prince"" was written by..." ; 2 ; Jane Austen ; Antoine de Saint-Exupéry ; F. Scott Fitzgerald ; Miguel de Cervantes Saavedra
"Where does the book ""The Silence of the Lambs"" get its title from?" ; 2 ; The relation it has with killing the innocents ; The main character's trauma in childhood ; The voice of innocent people being shut by the powerful ; The villain's favourite meal
"In the novel ""Lord of the Rings"" ;  how many rings of power were given to the race of man?" ; 4 ; 11 ; 13 ; 5 ; 9
"In the ""Harry Potter"" novels ;  what must a Hogwarts student do to enter the Ravenclaw Common Room?" ; 1 ; Answer a riddle ; Rhythmically tap barrels with a wand ; Speak a password ; Knock in sequence
"The book ""Fahrenheit 451"" was written by whom?" ; 4 ; Wolfgang Amadeus Mozart ; R. L. Stine ; Stephen King ; Ray Bradbury
Which of the following is NOT a work done by Shakespeare? ; 2 ; Measure For Measure ; Trial of Temperance ; Cymbeline ; Titus Andronicus
What is the name of Sherlock Holmes's brother? ; 2 ; Herbie Hancock Holmes ; Mycroft Holmes ; Mederi Holmes ; Martin Holmes
What book series published by Jim Butcher follows a wizard in modern day Chicago? ; 1 ; The Dresden Files ; A Hat in Time ; My Life as a Teenage Wizard ; The Cinder Spires
"What is the make and model of the tour vehicles in ""Jurassic Park"" (1990)?" ; 2 ; Mercedes M-Class ; 1989 Toyota Land Cruiser ; 1989 Jeep Wrangler YJ Sahar ; 1989 Ford Explorer XLT
"In the book series ""Odd Thomas"" ;  Danny Jessup has what genetic disease? " ; 2 ; Adrenoleukodystrophy ;  Osteogenesis Imperfecta ; Cystic Fibrosis ; Spinocerebellar ataxia
"In Margaret Atwood's ""The Handmaid's Tale"" ;  what is Offred's real name is implied to be?" ; 2 ; August ; June ; May ; April
"Which of the following was the author of ""Username Evie""?" ; 3 ; Zoe Sugg ; Joe Weller ; Joe Sugg ; Alfie Deyes
"In ""Little Women"" ;  which of the March sisters married Laurie?" ; 1 ; Amy ; Jo ; Meg ; Beth
"In the Magic: The Gathering universe ;   the Antiquities ;  Ice Age ;  and Alliances expansions take place on which continent?" ; 1 ; Terisiare ; Jamuraa ; Aerona ; Shiv
"In the Magic: The Gathering universe ;  which plane does the Homelands expansion take place in?" ; 2 ; Bant ; Ulgrotha ; Llanowar ; Tazeem
In which classic novel is there a character named Homer Simpson? ; 3 ; Catch-22 ; Of Mice and Men ; The Day of the Locust ; A Separate Peace
"In the novel 1984 ;  written by George Orwell ;  what is the name of the totalitarian regime that controls Oceania?" ; 4 ; Neo-Bolshevism ; Obliteration of the Self ; Earth Alliance ; INGSOC
Which novel by John Grisham was conceived on a road trip to Florida while thinking about stolen books with his wife? ; 3 ; The Litigators ; Rogue Lawyer ; Camino Island ; Gray Mountain
"In which classic novel by Mark Twain did a beggar and Prince of Wales switch clothes ;  and learn about social class inequality?" ; 2 ; Wealthy Boy and the Schmuck ; The Prince and the Pauper ; Hamlet ; A Modern Twain Story
"In Terry Pratchett's Discworld novel 'Wyrd Sisters' ;  which of these are not one of the three main witches?" ; 1 ; Winny Hathersham ; Nanny Ogg ; Granny Weatherwax ; Magrat Garlick
"Who wrote ""A Tale of Two Cities""?" ; 1 ; Charles Dickens ; Mark Twain ; Roald Dahl ; Charles Darwin
Which Russian author wrote the epic novel War and Peace? ; 4 ; Vladimir Nabokov ; Fyodor Dostoyevsky ; Alexander Pushkin ; Leo Tolstoy
"What was Sir Handel's original name in ""The Railway Series"" and it's animated counterpart ""Thomas and Friends?""" ; 4 ; Swallow ; Kyte ; Eagle ; Falcon
What is the name of the town in which Lily and James Potter are buried? ; 3 ; Little Hangleton ; Ottery St. Catchpole ; Godric's Hollow ; Hogsmeade
"In The Lies Of Locke Lamora ;  what does ""Lamora"" mean in Throne Therin?" ; 3 ; Chaos ; Justice ; Shadow ; Thievery
"Who wrote ""Harry Potter""?" ; 2 ; J.R.R. Tolkien ; J.K. Rowling ; Daniel Radcliffe ; Terry Pratchett
"George Orwell wrote this book ;  which is often considered a statement on government oversight." ; 4 ; To Kill a Mockingbird ; Catcher and the Rye ; The Old Man and the Sea ; 1984
"Which author and poet famously wrote the line ;  ""The female of the species is more deadly than the male""?" ; 1 ; Rudyard Kipling ; William Shakespeare ; Edgar Allan Poe ; William Wordsworth
"In the Beatrix Potter books ;  what type of animal is Tommy Brock?" ; 3 ; Rabbit ; Fox ; Badger ; Frog
Which famous book is sub-titled 'The Modern Prometheus'? ; 1 ; Frankenstein ; Dracula ; The Strange Case of Dr. Jekyll and Mr. Hyde  ; The Legend of Sleepy Hollow
"In the Harry Potter universe ;  who does Draco Malfoy end up marrying?" ; 2 ; Millicent Bulstrode ; Astoria Greengrass ; Hermione Granger ; Pansy Parkinson
What is Hermione Granger's middle name? ; 1 ; Jean ; Jane ; Jo ; Emma
What is Ron Weasley's middle name? ; 4 ; Dominic ; John ; Arthur ; Bilius
"In the Lord of the Rings ;  who is the father of the dwarf Gimli?" ; 3 ; Dwalin ; Thorin Oakenshield ; Gloin ; Bombur
What position does Harry Potter play in Quidditch? ; 1 ; Seeker ; Chaser ; Beater ; Keeper
What is the fourth book of the Old Testament? ; 4 ; Leviticus ; Exodus ; Genesis ; Numbers
Who wrote the novel 'Fear And Loathing In Las Vegas'? ; 1 ; Hunter S. Thompson ; F. Scott Fitzgerald ; Henry Miller ; William S. Burroughs
By what name was the author Eric Blair better known? ; 1 ; George Orwell ; Ray Bradbury ; Ernest Hemingway ; Aldous Huxley
"Who wrote the children's story ""The Little Match Girl""?" ; 4 ; Charles Dickens ; Oscar Wilde ; Lewis Carroll ; Hans Christian Andersen
"In the ""Harry Potter"" series ;  what is Headmaster Dumbledore's full name?" ; 1 ; Albus Percival Wulfric Brian Dumbledore ; Albus James Lunae Otto Dumbledore ; Albus Valencium Horatio Kul Dumbledore ; Albus Valum Jetta Mobius Dumbledore
How many Harry Potter books are there? ; 1 ; 7 ; 6 ; 8 ; 5
What's Harry Potter's dad's name? ; 4 ; Hairy Potter Sr. ; Joey Potter ; Frank Potter ; James Potter
"The novel ""Jane Eyre"" was written by what author? " ; 2 ; Emily Brontë ; Charlotte Brontë ; Louisa May Alcott ; Jane Austen
"Who wrote the young adult novel ""The Fault in Our Stars""?" ; 4 ; Stephen Chbosky ; Suzanne Collins ; Stephenie Meyer ; John Green
Which of these does Charlie NOT read in The Perks of Being a Wallflower? ; 4 ; The Great Gatsby ; Hamlet ; Peter Pan ; The Grapes of Wrath
"J.K. Rowling completed ""Harry Potter and the Deathly Hallows"" in which hotel in Edinburgh ;  Scotland?" ; 3 ; Hotel Novotel ; Sheraton Grand Hotel & Spa ; The Balmoral ; The Dunstane Hotel
"The title of Adolf Hitler's autobiography ""Mein Kampf"" is what when translated to English?" ; 2 ; My Sadness ; My Struggle ; My Hatred ; My Desire
What is the name of the protagonist of J.D. Salinger's novel Catcher in the Rye? ; 1 ; Holden Caulfield ; Fletcher Christian ; Jay Gatsby ; Randall Flagg
What is the title of the first Sherlock Holmes book by Arthur Conan Doyle? ; 4 ; The Doings of Raffles Haw ; A Case of Identity ; The Sign of the Four ; A Study in Scarlet
Which American author was also a budding travel writer and wrote of his adventures with his dog Charley? ; 4 ; William Faulkner ; F. Scott Fitzgerald ; Ernest Hemingway ; John Steinbeck
"The book ""The Little Prince"" was written by..." ; 2 ; Miguel de Cervantes Saavedra ; Antoine de Saint-Exupéry ; Jane Austen ; F. Scott Fitzgerald
Which of these book series is by James Patterson? ; 2 ; Harry Potter ; Maximum Ride ; The Legend of Xanth ; The Bartemaeus Trilogy
"In the novel ""Lord of the Rings"" ;  how many rings of power were given to the race of man?" ; 3 ; 5 ; 13 ; 9 ; 11
"In the ""Harry Potter"" novels ;  what must a Hogwarts student do to enter the Ravenclaw Common Room?" ; 3 ; Rhythmically tap barrels with a wand ; Speak a password ; Answer a riddle ; Knock in sequence
"The book ""Fahrenheit 451"" was written by whom?" ; 4 ; Stephen King ; Wolfgang Amadeus Mozart ; R. L. Stine ; Ray Bradbury
What book series published by Jim Butcher follows a wizard in modern day Chicago? ; 4 ; A Hat in Time ; My Life as a Teenage Wizard ; The Cinder Spires ; The Dresden Files
"What was the last message of the Dolphins in ""The Hitchhiker's Guide to the Galaxy""?" ; 1 ; """So long ;  and thanks for all the fish.""" ; """Land of the brave.""" ; """Goodbye cruel world!""" ; """The answer is 42."""
"What is the make and model of the tour vehicles in ""Jurassic Park"" (1990)?" ; 4 ; 1989 Ford Explorer XLT ; 1989 Jeep Wrangler YJ Sahar ; Mercedes M-Class ; 1989 Toyota Land Cruiser
"In the book series ""Odd Thomas"" ;  Danny Jessup has what genetic disease? " ; 2 ; Cystic Fibrosis ;  Osteogenesis Imperfecta ; Adrenoleukodystrophy ; Spinocerebellar ataxia
"In Margaret Atwood's ""The Handmaid's Tale"" ;  what is Offred's real name is implied to be?" ; 1 ; June ; May ; April ; August
"In the Magic: The Gathering universe ;  the Fallen Empires expansion takes place on which continent?" ; 4 ; Shiv ; Otaria ; Terisiare ; Sarpadia
"In the Magic: The Gathering universe ;  which plane does the Homelands expansion take place in?" ; 1 ; Ulgrotha ; Llanowar ; Bant ; Tazeem
"In Alice in Wonderland ;  what is the name of Alice's kitten?" ; 3 ; Oscar ; Heath ; Dinah ; Smokey
What's the second book in George R. R. Martin's 'A Song of Ice and Fire' series? ; 2 ; A Feast for Crows ; A Clash of Kings ; A Dance with Dragons ; A Storm of Swords
What was the first ever entry written for the SCP Foundation collaborative writing project? ; 4 ; SCP-999 ; SCP-1459 ; SCP-001 ; SCP-173
"In the novel 1984 ;  written by George Orwell ;  what is the name of the totalitarian regime that controls Oceania?" ; 2 ; Neo-Bolshevism ; INGSOC ; Obliteration of the Self ; Earth Alliance
Which novel by John Grisham was conceived on a road trip to Florida while thinking about stolen books with his wife? ; 2 ; The Litigators ; Camino Island ; Rogue Lawyer ; Gray Mountain
Which fictional English county was the setting for Thomas Hardy's novels? ; 4 ; Ambridge ; Fulchester ; Barsetshire ; Wessex
"In Terry Pratchett's Discworld novel 'Wyrd Sisters' ;  which of these are not one of the three main witches?" ; 2 ; Granny Weatherwax ; Winny Hathersham ; Magrat Garlick ; Nanny Ogg
"Who is the author of the series ""Malazan Book of the Fallen""?" ; 4 ; Ian Cameron Esslemont ; J. R. R. Tolkien ; George R. R. Martin ; Steven Erikson
Which of the following is not a work authored by Fyodor Dostoevsky? ; 3 ; Notes from the Underground ; Crime and Punishment ; Anna Karenina ; The Brothers Karamazov
"What was Sir Handel's original name in ""The Railway Series"" and it's animated counterpart ""Thomas and Friends?""" ; 4 ; Swallow ; Eagle ; Kyte ; Falcon
What is the name of the town in which Lily and James Potter are buried? ; 1 ; Godric's Hollow ; Hogsmeade ; Little Hangleton ; Ottery St. Catchpole
"In The Lies Of Locke Lamora ;  what does ""Lamora"" mean in Throne Therin?" ; 1 ; Shadow ; Thievery ; Chaos ; Justice
"In The Lies of Locke Lamora ;  what title is Locke known by in the criminal world?" ; 1 ; The Thorn of Camorr ; The Thorn of the Marrows ; The Rose of the Marrows ; The Thorn of Emberlain
"Who wrote ""Harry Potter""?" ; 4 ; Daniel Radcliffe ; J.R.R. Tolkien ; Terry Pratchett ; J.K. Rowling
"George Orwell wrote this book ;  which is often considered a statement on government oversight." ; 4 ; Catcher and the Rye ; To Kill a Mockingbird ; The Old Man and the Sea ; 1984
"Which author and poet famously wrote the line ;  ""The female of the species is more deadly than the male""?" ; 1 ; Rudyard Kipling ; William Wordsworth ; William Shakespeare ; Edgar Allan Poe
"In the Beatrix Potter books ;  what type of animal is Tommy Brock?" ; 2 ; Rabbit ; Badger ; Fox ; Frog
Which famous book is sub-titled 'The Modern Prometheus'? ; 1 ; Frankenstein ; The Strange Case of Dr. Jekyll and Mr. Hyde  ; Dracula ; The Legend of Sleepy Hollow
"Who wrote the novel ""Moby-Dick""?" ; 2 ; William Shakespeare ; Herman Melville ; William Golding ; J. R. R. Tolkien
Which of the following is the world's best-selling book? ; 4 ; The Da Vinci Code ; Harry Potter and the Philosopher's Stone ; The Little Prince ; The Lord of the Rings
"In the Harry Potter universe ;  who does Draco Malfoy end up marrying?" ; 3 ; Pansy Parkinson ; Hermione Granger ; Astoria Greengrass ; Millicent Bulstrode
What is Hermione Granger's middle name? ; 1 ; Jean ; Jane ; Jo ; Emma
"In the Lord of the Rings ;  who is the father of the dwarf Gimli?" ; 4 ; Bombur ; Thorin Oakenshield ; Dwalin ; Gloin
What position does Harry Potter play in Quidditch? ; 2 ; Chaser ; Seeker ; Keeper ; Beater
Who wrote the novel 'Fear And Loathing In Las Vegas'? ; 1 ; Hunter S. Thompson ; F. Scott Fitzgerald ; William S. Burroughs ; Henry Miller
"""Green Eggs And Ham"" is a book by which author?" ; 2 ; Roald Dahl ; Dr. Seuss ; Beatrix Potter ; A.A. Milne
"Which famous spy novelist wrote the childrens' story ""Chitty-Chitty-Bang-Bang""?" ; 4 ; John Buchan ; Joseph Conrad ; Graham Greene ; Ian Fleming
"What was the name of the Mysterious Island ;  in Jules Verne's ""The Mysterious Island""?" ; 4 ; Vulcania Island ; Neptune Island ; Prometheus Island ; Lincoln Island
"What was the pen name of novelist ;  Mary Ann Evans?" ; 3 ; George Saunders ; George Orwell ; George Eliot ; George Bernard Shaw
"In the ""Harry Potter"" series ;  what is Headmaster Dumbledore's full name?" ; 1 ; Albus Percival Wulfric Brian Dumbledore ; Albus James Lunae Otto Dumbledore ; Albus Valum Jetta Mobius Dumbledore ; Albus Valencium Horatio Kul Dumbledore
"In the ""The Hobbit"" ;  who kills Smaug?" ; 1 ; Bard ; Frodo ; Bilbo Baggins ; Gandalf the Grey
How many Harry Potter books are there? ; 3 ; 8 ; 6 ; 7 ; 5
Under what pseudonym did Stephen King publish five novels between 1977 and 1984? ; 1 ; Richard Bachman ; J. D. Robb ; Lewis Carroll ; Mark Twain
"The novel ""Jane Eyre"" was written by what author? " ; 1 ; Charlotte Brontë ; Emily Brontë ; Louisa May Alcott ; Jane Austen
"Who wrote the young adult novel ""The Fault in Our Stars""?" ; 3 ; Stephen Chbosky ; Suzanne Collins ; John Green ; Stephenie Meyer
Which of these does Charlie NOT read in The Perks of Being a Wallflower? ; 2 ; The Great Gatsby ; The Grapes of Wrath ; Peter Pan ; Hamlet
"J.K. Rowling completed ""Harry Potter and the Deathly Hallows"" in which hotel in Edinburgh ;  Scotland?" ; 2 ; Hotel Novotel ; The Balmoral ; Sheraton Grand Hotel & Spa ; The Dunstane Hotel
"In the year 1818 ;  novelist Mary Shelly is credited with writing a fiction novel and creating this infamous character." ; 2 ; The Thing ; Frankenstein's monster ; Dracula ; The Invisible Man
What is the title of the first Sherlock Holmes book by Arthur Conan Doyle? ; 1 ; A Study in Scarlet ; The Sign of the Four ; The Doings of Raffles Haw ; A Case of Identity
Which American author was also a budding travel writer and wrote of his adventures with his dog Charley? ; 4 ; F. Scott Fitzgerald ; Ernest Hemingway ; William Faulkner ; John Steinbeck
"Where does the book ""The Silence of the Lambs"" get its title from?" ; 3 ; The voice of innocent people being shut by the powerful ; The villain's favourite meal ; The main character's trauma in childhood ; The relation it has with killing the innocents
Which of these book series is by James Patterson? ; 2 ; The Bartemaeus Trilogy ; Maximum Ride ; Harry Potter ; The Legend of Xanth
"In Michael Crichton's novel ""Jurassic Park"" ;  John Hammond meets his demise at the claws of which dinosaur?" ; 1 ; Procompsognathus ; Tyrannosaurus Rex ; Dilophosaurus ; Velociraptor
"In the ""Harry Potter"" novels ;  what must a Hogwarts student do to enter the Ravenclaw Common Room?" ; 4 ; Speak a password ; Rhythmically tap barrels with a wand ; Knock in sequence ; Answer a riddle
"The book ""Fahrenheit 451"" was written by whom?" ; 4 ; Wolfgang Amadeus Mozart ; Stephen King ; R. L. Stine ; Ray Bradbury
Which of the following is NOT a work done by Shakespeare? ; 1 ; Trial of Temperance ; Measure For Measure ; Cymbeline ; Titus Andronicus
What is the name of Sherlock Holmes's brother? ; 3 ; Martin Holmes ; Mederi Holmes ; Mycroft Holmes ; Herbie Hancock Holmes
"What was the last message of the Dolphins in ""The Hitchhiker's Guide to the Galaxy""?" ; 3 ; """Land of the brave.""" ; """Goodbye cruel world!""" ; """So long ;  and thanks for all the fish.""" ; """The answer is 42."""
"What is the make and model of the tour vehicles in ""Jurassic Park"" (1990)?" ; 2 ; 1989 Ford Explorer XLT ; 1989 Toyota Land Cruiser ; 1989 Jeep Wrangler YJ Sahar ; Mercedes M-Class
"In Margaret Atwood's ""The Handmaid's Tale"" ;  what is Offred's real name is implied to be?" ; 1 ; June ; April ; May ; August
"Which of the following was the author of ""Username Evie""?" ; 1 ; Joe Sugg ; Zoe Sugg ; Alfie Deyes ; Joe Weller
"In the Magic: The Gathering universe ;   the Antiquities ;  Ice Age ;  and Alliances expansions take place on which continent?" ; 2 ; Shiv ; Terisiare ; Jamuraa ; Aerona
"In the Magic: The Gathering universe ;  which plane does the Homelands expansion take place in?" ; 2 ; Llanowar ; Ulgrotha ; Bant ; Tazeem
"In Alice in Wonderland ;  what is the name of Alice's kitten?" ; 4 ; Heath ; Oscar ; Smokey ; Dinah
In which classic novel is there a character named Homer Simpson? ; 2 ; A Separate Peace ; The Day of the Locust ; Of Mice and Men ; Catch-22
What was the first ever entry written for the SCP Foundation collaborative writing project? ; 1 ; SCP-173 ; SCP-1459 ; SCP-999 ; SCP-001
Which is NOT a book in the Harry Potter Series? ; 3 ; The Deathly Hallows ; The Chamber of Secrets ; The House Elf ; The Prisoner of Azkaban
"Which author co-wrote ""The Communist Manifesto"" alongside Karl Marx?" ; 1 ; Friedrich Engels ; Paul Lafargue ; Robert Owen ; Alexander Kerensky
Which fictional English county was the setting for Thomas Hardy's novels? ; 2 ; Fulchester ; Wessex ; Ambridge ; Barsetshire
"In Terry Pratchett's Discworld novel 'Wyrd Sisters' ;  which of these are not one of the three main witches?" ; 4 ; Granny Weatherwax ; Magrat Garlick ; Nanny Ogg ; Winny Hathersham
"What was Sir Handel's original name in ""The Railway Series"" and it's animated counterpart ""Thomas and Friends?""" ; 3 ; Swallow ; Kyte ; Falcon ; Eagle
"In The Lies of Locke Lamora ;  what title is Locke known by in the criminal world?" ; 3 ; The Thorn of Emberlain ; The Thorn of the Marrows ; The Thorn of Camorr ; The Rose of the Marrows
"In Romance of the Three Kingdoms ;  who was not a member of the Peach Garden Oath?" ; 3 ; Liu Bei ; Zhang Fei ; Zhao Yun ; Guan Yu
What country is not a part of Scandinavia? ; 1 ; Finland ; Denmark ; Sweden ; Norway
What is the largest city and commercial capital of Sri Lanka? ; 4 ; Kandy ; Negombo ; Moratuwa ; Colombo
What state is the largest state of the United States of America? ; 3 ; Texas ; Washington ; Alaska ; California
What is the capital of Indonesia? ; 1 ; Jakarta ; Medan ; Bandung ; Palembang
How many counties in the Republic of Ireland. ; 4 ; 28 ; 32 ; 30 ; 26
Which country does Austria not border? ; 1 ; France ; Slovenia ; Slovakia ; Switzerland
Which European city has the highest mileage of canals in the world? ; 1 ; Birmingham ; Berlin ; Venice ; Amsterdam
The prefix Sino- (As in Sino-American) is used to refer to what nationality? ; 2 ; Japanese ; Chinese ; Indian ; Russian
How many federal states does Germany have? ; 4 ; 32 ; 13 ; 25 ; 16
The mountainous Khyber Pass connects which of the two following countries? ; 3 ; Tajikistan and Kyrgyzstan ; Pakistan and India ; Afghanistan and Pakistan ; India and Nepal
What is the name of one of the Neo-Aramaic languages spoken by the Jewish population from Northwestern Iraq? ; 4 ; Chaldean Neo-Aramaic ; Lishan Didan ; Hulaulá ; Lishana Deni
Which of the following language families is the most controversial amongst modern linguists? ; 4 ; Indo-European ; Sino-Tibetan ; Dravidian ; Altaic
The following Spanish provinces are located in the northern area of Spain except: ; 3 ; Asturias ; Navarre ; Murcia ; León
All of the following countries have official claims to territory in Antartica EXCEPT: ; 1 ; United States ; Australia ; Norway ; Chile
Which of the following languages does NOT use the Latin alphabet? ; 2 ; Swahili ; Georgian ; Turkish ; Vietnamese
Which of these is NOT an island that is part of the Philippines? ; 2 ; Palawan ; Java ; Luzon ; Mindanao
The World Health Organization headquarters is located in which European country? ; 1 ; Switzerland ; France ; United Kingdom ; Belgium
How many countries does the United States share a land border with? ; 1 ; 2 ; 3 ; 1 ; 4
How many countries does Spain have a land border with? ; 1 ; 5 ; 3 ; 2 ; 4
"Which of these African countries list ""Spanish"" as an official language?" ; 4 ; Cameroon ; Angola ; Guinea ; Equatorial Guinea
Llanfair­pwllgwyngyll­gogery­chwyrn­drobwll­llan­tysilio­gogo­goch is located on which Welsh island? ; 3 ; Caldey ; Bardsey ; Anglesey ; Barry
The Hunua Ranges is located in... ; 2 ; Mexico ; New Zealand ; Nepal ; China
Harvard University is located in which city? ; 4 ; Washington D.C. ; Providence ; New York ; Cambridge
What is the busiest port in Europe? ; 4 ; Port of Hamburg ; Port of Antwerp ; Port of Amsterdam ; Port of Rotterdam
What is the tallest mountain in Canada? ; 2 ; Whistler Mountain ; Mount Logan ; Mont Tremblant ; Blue Mountain
Which one of these countries borders with Poland? ; 2 ; Norway ; Lithuania ; France ; Netherlands
How many countries does Mexico border? ; 1 ; 3 ; 1 ; 2 ; 4
What is the second-largest city in Lithuania? ; 1 ; Kaunas ; Klaipėda ; Vilnius ; Panevėžys
What is the smallest country in the world? ; 2 ; Maldives ; Vatican City ; Malta ; Monaco
Broome is a town in which state of Australia? ; 1 ; Western Australia ; South Australia ; Northern Territory ; Tasmania
What is the land connecting North America and South America? ; 3 ; Urals ; Isthmus of Suez ; Isthmus of Panama ; Australasia
What is the capital of Estonia? ; 1 ; Tallinn ; Helsinki ; Riga ; Tartu
How many independent countries are there within the continent of South America? ; 2 ; 8 ; 12 ; 9 ; 10
What continent is the country Lesotho in? ; 2 ; Europe ; Africa ; South America ; Asia
Which of the following is the longest river in Europe? ; 4 ; Dnieper ; Danube ; Ural ; Volga
What is the capital of South Korea? ; 2 ; Taegu ; Seoul ; Kitakyushu ; Pyongyang
The Alps are a mountain range on which continent? ; 1 ; Europe ; Africa ; Asia ; North America
"Where would you find the ""Spanish Steps""?" ; 3 ; "Berlin ;  Germany" ; "London ;  England" ; "Rome ;  Italy" ; "Barcelona ;  Spain"
The emblem on the flag of the Republic of Tajikistan features a sunrise over mountains below what symbol? ; 3 ; Tree ; Sickle ; Crown ; Bird
Bridgetown is the capital of which island country in the Carribean? ; 1 ; Barbados ; Jamaica‎ ; Cuba ; Dominica
What is the capital of Greenland? ; 3 ; Maniitsoq ; Sisimiut ; Nuuk ; Narsaq
Which of these cities is NOT in England? ; 1 ; Edinburgh ; Oxford ; Southampton ; Manchester
Which country is the Taedong River in? ; 2 ; China ; North Korea ; South Korea ; Japan
How many provinces are in the Netherlands? ; 1 ; 12 ; 14 ; 13 ; 10
What mountain range lines the border between Spain and France? ; 3 ; Carpathians ; Urals ; Pyrenees ; Alps
"Bir Tawil ;  an uninhabited track of land claimed by no country ;  is located along the border of which two countries?" ; 2 ; Chad and Libya ; Egypt and Sudan ; Iraq and Saudi Arabia ; Israel and Jordan
Which is not a country in Africa? ; 2 ; Somalia ; Guyana ; Senegal ; Liberia
Which of the following is not a megadiverse country - one that harbors a high number of the earth's endemic species? ; 2 ; Mexico ; Thailand ; Peru ; South Africa
What was the African nation of Zimbabwe formerly known as? ; 3 ;  Bulawayo ; Mozambique ; Rhodesia ; Zambia
What is the largest country in the world ? ; 4 ; China ; Brazil ; Canada ; Russian Federation
What is the capital of the American state of Arizona? ; 4 ; Raleigh ; Tallahassee ; Montgomery ; Phoenix
"Which country inside the United Kingdom does NOT appear on its flag ;  the Union Jack?" ; 2 ; Scotland ; Wales ; Isle of Wight ; Ireland
What is the capital of Jamaica? ; 1 ; Kingston ; Port-au-Prince ; Bridgetown ; San Juan
Which is the largest city in Morocco? ; 1 ; Casablanca ; Sale ; Rabat ; Fes
In which English county is Stonehenge? ; 2 ; Cumbria ; Wiltshire ; Somerset ; Herefordshire
What are the four corner states of the US? ; 1 ; "Utah ;  Colorado ;  Arizona ;  New Mexico" ; "South Dakota ;  Minnesota ;  Nebraska ;  Iowa" ; "Oregon ;  Idaho ;  Nevada ;  Utah" ; "Kansas ;  Oklahoma ;  Arkansas ;  Louisiana"
What is the capital of Australia? ; 2 ; Sydney ; Canberra ; Brisbane ; Melbourne
What is the capital of Denmark? ; 3 ; Aalborg ; Odense ; Copenhagen ; Aarhus
What is the name of one of the Neo-Aramaic languages spoken by the Jewish population from Northwestern Iraq? ; 2 ; Lishan Didan ; Lishana Deni ; Hulaulá ; Chaldean Neo-Aramaic
Which of the following language families is the most controversial amongst modern linguists? ; 3 ; Sino-Tibetan ; Dravidian ; Altaic ; Indo-European
Which Russian oblast forms a border with Poland? ; 1 ; Kaliningrad ; Omsk ; Nizhny Novgorod ; Samara
Which of the following countries banned the use of personal genetic ancestry tests? ; 3 ; Sweden ; Austria ; Germany ; Canada
Which of the following former Yugoslavian states is landlocked? ; 3 ; Bosnia and Herzegovina ; Montenegro ; Serbia ; Croatia
All of the following countries have official claims to territory in Antartica EXCEPT: ; 3 ; Chile ; Norway ; United States ; Australia
"In 2012 the German-speaking microstate ""Liechtenstein"" in Central Europe had a population of how many inhabitants?" ; 1 ; "36 ; 600" ; "323 ; 400" ; "2 ; 400" ; "90 ; 000"
Which of these countries is located the FURTHEST away from the South China Sea? ; 3 ; Malaysia ; Philippines ; Bangladesh ; Vietnam
What name was historically used for the Turkish city currently known as Istanbul? ; 3 ; Adrianople ; Söğüt ; Constantinople ; Hüdavendigar
How many countries are larger than Australia? ; 1 ; 5 ; 3 ; 4 ; 6
What year is on the flag of the US state Wisconsin? ; 4 ; 1783 ; 1901 ; 1634 ; 1848
Where are the Nazca Lines located? ; 4 ; Colombia ; Brazil ; Ecuador ; Peru
Which UK country features a dragon on their flag? ; 2 ; Scotland ; Wales ; England ; North Ireland
How many countries border Kyrgyzstan? ; 2 ; 1 ; 4 ; 6 ; 3
What is the capital of Senegal? ; 4 ; Conakry ; Monrovia ; Nouakchott ; Dakar
"Which of these African countries list ""Spanish"" as an official language?" ; 2 ; Angola ; Equatorial Guinea ; Cameroon ; Guinea
What is the nickname for the US state Delaware? ; 3 ; The Sixteenth State ; The Fiftieth State ; The First State ; The Second State
The Hunua Ranges is located in... ; 4 ; Mexico ; China ; Nepal ; New Zealand
What is the most populous Muslim-majority nation in 2010? ; 3 ; Saudi Arabia ; Iran ; Indonesia ; Sudan
Which country was NOT formerly part of Yugoslavia? ; 4 ; Macedonia ; Croatia ; Serbia ; Albania
What is the name of the peninsula containing Spain and Portugal? ; 4 ; Peloponnesian Peninsula ; Scandinavian Peninsula ; European Peninsula ; Iberian Peninsula
What is the capital of the US State of New York? ; 3 ; Buffalo ; New York ; Albany ; Rochester
"What North American tourist attraction is served by the ""Maid of the Mist"" tour company?" ; 3 ; "Whistler ;  British Columbia" ; Yosemite National Park ; Niagara Falls ; Disney World
"What is the capital of British Columbia ;  Canada?" ; 3 ; Hope ; Kelowna ; Victoria ; Vancouver
"What is the name of the formerly rich fishing grounds off the island of Newfoundland ;  Canada?" ; 1 ; Grand Banks ; Great Barrier Reef ; Mariana Trench ; Hudson Bay
What is the second-largest city in Lithuania? ; 3 ; Klaipėda ; Vilnius ; Kaunas ; Panevėžys
What is the capital of Belarus? ; 1 ; Minsk ; Warsaw ; Vilnius ; Kiev
How many timezones does Russia have? ; 1 ; 11 ; 24 ; 6 ; 16
What is the name of New Zealand's indigenous people? ; 3 ; Vikings ; Polynesians ; Maori ; Samoans
"What is the region conjoining Pakistan ;  India ;  and China with unknown leadership called?" ; 4 ; Andorra ; Quin ; Gibraltar ; Kashmir
What is the capital of Mauritius? ; 3 ; Port Moresby ; Port Vila ; Port Louis ; Port-au-Prince
"Colchester Overpass ;  otherwise known as ""Bunny Man Bridge"" ;  is located where?" ; 3 ; "Medford ;  Oregon" ; "Lemon Grove ;  California" ; "Fairfax County ;  Virginia" ; "Braxton County ;  Virgina"
How many independent countries are there within the continent of South America? ; 4 ; 8 ; 10 ; 9 ; 12
What is the capital of Lithuania? ; 1 ; Vilnius ; Helsinki ; Tallinn ; Riga
Which is the world's longest river? ; 4 ; Amazon ; Yangtze ; Missouri ; Nile
What is the official national language of Pakistan? ; 1 ; Urdu ; Indian ; Punjabi ; Pashto
Which of these cities is NOT in England? ; 2 ; Oxford ; Edinburgh ; Southampton ; Manchester
The longest shared border in the world can be found between which two nations? ; 4 ; Chile and Argentina ; India and Pakistan ; Russia and China ; Canada and the United States
"Bir Tawil ;  an uninhabited track of land claimed by no country ;  is located along the border of which two countries?" ; 1 ; Egypt and Sudan ; Chad and Libya ; Israel and Jordan ; Iraq and Saudi Arabia
What city is the Terracotta Army located in? ; 1 ; Xi'an ; Beijing ; Shanghai ; Hong Kong
Greenland is a part of which kingdom? ; 2 ; Sweden ; Denmark ; Norway ; United Kingdom
What is the largest freshwater lake by volume? ; 2 ; Lake Superior ; Lake Baikal ; Lake Huron ; Lake Michigan
What is the only country in the world with a flag that doesn't have four right angles? ; 1 ; Nepal ; Egypt ; Panama ; Angola
How many sovereign states are members of the United Nations? ; 4 ; 153 ; 178 ; 201 ; 195
How many countries are inside the United Kingdom? ; 2 ; One ; Four ; Two ; Three
What is the capital of Indonesia? ; 3 ; Medan ; Palembang ; Jakarta ; Bandung
In which English county is Stonehenge? ; 1 ; Wiltshire ; Herefordshire ; Somerset ; Cumbria
What are the four corner states of the US? ; 4 ; "Oregon ;  Idaho ;  Nevada ;  Utah" ; "Kansas ;  Oklahoma ;  Arkansas ;  Louisiana" ; "South Dakota ;  Minnesota ;  Nebraska ;  Iowa" ; "Utah ;  Colorado ;  Arizona ;  New Mexico"
What is the capital of Denmark? ; 2 ; Aalborg ; Copenhagen ; Odense ; Aarhus
All of the following are classified as Finno-Ugric languages EXCEPT: ; 2 ; Estonian ; Samoyedic ; Finnish ; Hungarian
Which Russian oblast forms a border with Poland? ; 1 ; Kaliningrad ; Samara ; Nizhny Novgorod ; Omsk
All of the following are towns/villages in the Pacific Island nation of Kiribati EXCEPT: ; 1 ; Urutora ; Washington ; London ; Rungata
What is the only state in the United States that does not have a flag in a shape with 4 edges? ; 1 ; Ohio ; Florida ; Idaho ; New Mexico
Which of the following languages does NOT use the Latin alphabet? ; 3 ; Swahili ; Turkish ; Georgian ; Vietnamese
The World Health Organization headquarters is located in which European country? ; 1 ; Switzerland ; France ; United Kingdom ; Belgium
Which US state has the highest population? ; 3 ; Florida ; New York ; California ; Texas
What is the capital of the US state Nevada? ; 1 ; Carson City ; Las Vegas ; Henderson ; Reno
"What is the capital of the State of Washington ;  United States?" ; 3 ; Washington D.C. ; Yukon ; Olympia ; Seattle
What country has a horizontal bicolor red and white flag? ; 1 ; Monaco ; Liechenstein ; Malta ; Bahrain
What is the Capital of the United States? ; 4 ; "New York City ;  NY" ; "Houston ;  TX" ; "Los Angelas ;  CA" ; "Washington ;  D.C."
"Where is the fast food chain ""Panda Express"" headquartered?" ; 1 ; "Rosemead ;  California" ; "San Diego ;  California" ; "Sacramento ;  California" ; "Fresno ;  California"
The Hunua Ranges is located in... ; 1 ; New Zealand ; Nepal ; China ; Mexico
Which country was NOT formerly part of Yugoslavia? ; 4 ; Macedonia ; Croatia ; Serbia ; Albania
Which country has three capital cities? ; 1 ; South Africa ; Somalia ; United Kingdom ; China
What is the official German name of the Swiss Federal Railways? ; 3 ; Schweizerische Nationalbahnen ; Schweizerische Staatsbahnen ; Schweizerische Bundesbahnen ; Bundesbahnen der Schweiz
How tall is One World Trade Center in New York City? ; 1 ; "1 ; 776 ft" ; "1 ; 225 ft" ; "1 ; 888 ft" ; "1 ; 960 ft"
What is the largest Muslim country in the world? ; 3 ; Pakistan ; Saudi Arabia ; Indonesia ; Iran
What is the busiest port in Europe? ; 3 ; Port of Antwerp ; Port of Hamburg ; Port of Rotterdam ; Port of Amsterdam
Which country is the home of the largest Japanese population outside of Japan? ; 3 ; Russia ; The United States ; Brazil ; China
What is the name of the Canadian national anthem? ; 2 ; March of the Puck Drop ; O Canada ; O Red Maple ; Leaf-Spangled Banner
"What North American tourist attraction is served by the ""Maid of the Mist"" tour company?" ; 1 ; Niagara Falls ; Yosemite National Park ; "Whistler ;  British Columbia" ; Disney World
When does Finland celebrate their independence day? ; 3 ; November 12th ; February 8th ; December 6th ; January 2nd
Which of these countries is the smallest by population? ; 1 ; Norway ; Finland ; Slovakia ; Hong Kong
What city  has the busiest airport in the world? ; 2 ; "Tokyo ; Japan" ; "Atlanta ;  Georgia USA" ; "Chicago ; Illinois ISA" ; "London ;  England"
The Andaman and Nicobar Islands in South East Asia are controlled by which country? ; 2 ; Indonesia ; India ; Vietnam ; Thailand
What is the capital of Mauritius? ; 1 ; Port Louis ; Port-au-Prince ; Port Vila ; Port Moresby
"What is the most common climbing route for the second highest mountain in the world ;  K2?" ; 4 ; Magic Line ; Cesen Route ; Polish Line ; Abruzzi Spur
What continent is the country Lesotho in? ; 1 ; Africa ; South America ; Europe ; Asia
Which small country is located between the borders of France and Spain? ; 4 ; Vatican City ; San Marino ; Lichtenstein ; Andorra
Which of the following is NOT a capital city? ; 1 ; Sydney ; Moscow ; Beijing ; Cairo
Into which basin does the Jordan River flow into? ; 2 ; Salton Sea ; Dead Sea ; Aral Sea ; Caspian Sea
Which English county will you find the University of East Anglia? ; 3 ; Cambridgeshire ; Suffolk ; Norfolk ; Essex
The Maluku islands (informally known as the Spice Islands) belong to which country? ; 1 ; Indonesia ; New Zealand ; Chile ; Fiji
What is the capital of Greenland? ; 2 ; Maniitsoq ; Nuuk ; Narsaq ; Sisimiut
Which of these is NOT a real tectonic plate? ; 1 ; Atlantic Plate ; Eurasian Plate ; North American Plate ; Nazca Plate
What is the longest river in Europe? ; 2 ; Thames ; Volga ; Danube ; Rhine
Lake Titicaca is located between which two nations? ; 1 ; Peru and Bolivia ; India and Bangladesh ; Kenya and Uganda ; Mexico and the United States
What city is the Terracotta Army located in? ; 2 ; Beijing ; Xi'an ; Hong Kong ; Shanghai
Which country claims ownership of the disputed state Kosovo? ; 3 ; Croatia ; Albania ; Serbia ; Macedonia
What is Laos? ; 2 ; Region ; Country ; City ; River
Which two modern-day countries used to be known as the region of Rhodesia between the 1890s and 1980? ; 4 ; Lesotho & Swaziland ; Togo & Benin ; Rwanda & Burundi ; Zambia & Zimbabwe
What is the largest freshwater lake by volume? ; 3 ; Lake Huron ; Lake Superior ; Lake Baikal ; Lake Michigan
Daniel Radcliffe became a global star in the film industry due to his performance in which film franchise? ; 2 ; Ted ; Harry Potter ; Spy Kids ; Pirates of the Caribbean 
"In the movie “The Iron Giant ; ” this character is the protagonist." ; 4 ; Kent Mansley ; Annie Hughes ; Dean McCoppin ; Hogarth Hughes
"In the 1976 film 'Taxi Driver' ;  how many guns did Travis buy from the salesman?" ; 2 ; 2 ; 4 ; 1 ; 6
Which 1958 movie starred Kirk Douglas and Tony Curtis as half-brothers Einar and Eric? ; 1 ; The Vikings  ; Prince Valiant ; The Long Ships ; Spartacus
"Who starred in the film 1973 movie ""Enter The Dragon""?" ; 4 ;  Yun-Fat Chow ; Jet Li ; Jackie Chan ; Bruce Lee
"In the 1984 movie ""The Terminator"" ;  what model number is the Terminator portrayed by Arnold Schwarzenegger?" ; 2 ; T-888 ; T-800 ; T-1000 ; I-950
"Who directed the movies ""Pulp Fiction"" ;  ""Reservoir Dogs"" and ""Django Unchained""?" ; 4 ; Martin Scorcese ; James Cameron ; Steven Spielberg ; Quentin Tarantino
In which 1955 film does Frank Sinatra play Nathan Detroit? ; 1 ; Guys and Dolls ; High Society ; Anchors Aweigh ; From Here to Eternity
"Who directed the 1973 film ""American Graffiti""?" ; 1 ; George Lucas ; Ron Howard ; Francis Ford Coppola ; Steven Spielberg
"This movie contains the quote ;  ""I love the smell of napalm in the morning!""" ; 2 ; Full Metal Jacket ; Apocalypse Now ; The Deer Hunter ; Platoon
"This movie contains the quote ;  ""Houston ;  we have a problem.""" ; 3 ; Marooned ; Capricorn One ; Apollo 13 ; The Right Stuff
"This movie contains the quote ;  ""What we've got here is a failure to communicate.""" ; 4 ; Bonnie and Clyde ; In the Heat of the Night ; The Graduate ; Cool Hand Luke
"What is the name of the first ""Star Wars"" film by release order?" ; 1 ; A New Hope ; The Phantom Menace ; The Force Awakens ; Revenge of the Sith
"Which of these actors/actresses is NOT a part of the cast for the 2016 movie ""Suicide Squad""?" ; 3 ; Jared Leto ; Will Smith ; Scarlett Johansson ; Margot Robbie
What did the first moving picture depict? ; 3 ; A man walking ; A woman in a dress ; A galloping horse ; A crackling fire
"What is the name of the villian in the 2015 Russian-American Sci-Fi Movie ""Hardcore Henry""?" ; 3 ; Henry ; Jimmy ; Akan ; Estelle
"In the 1979 British film ""Quadrophenia"" what is the name of the main protagonist?" ; 3 ; Archie Bunker ; Franc Roddam ; Jimmy Cooper ; Pete Townshend
"Who in Pulp Fiction says ""No ;  they got the metric system there ;  they wouldn't know what the fuck a Quarter Pounder is.""" ; 1 ; Vincent Vega ; Jimmie Dimmick ; Butch Coolidge ; Jules Winnfield
Which actor plays Obi-Wan Kenobi in Star Wars Episodes I-lll? ; 2 ; Alec Guinness ; Ewan McGregor ; Hayden Christensen ; Liam Neeson
"Who voices the main character Blu in the 2011 animated film ""Rio""?" ; 2 ; Michael Cera ; Jesse Eisenberg ; Zach Galifianakis ; Jonah Hill
"The 2002 film ""28 Days Later"" is mainly set in which European country?" ; 3 ; Germany ; Italy ; United Kingdom ; France
"In The Lord of the Rings: The Fellowship of the Ring ;  which one of the following characters from the book was left out of the film?" ; 2 ; Celeborn ; Tom Bombadil ; Barliman Butterbur ; Strider
"In the 1999 movie Fight Club ;  which of these is not a rule of the ""fight club""?" ; 4 ; You do not talk about FIGHT CLUB ; Fights will go on as long as they have to ; Only two guys to a fight ; Always wear a shirt
"What year did the James Cameron film ""Titanic"" come out in theaters?" ; 4 ; 1999 ; 1998 ; 1996 ; 1997
"What city did the monster attack in the film ;  ""Cloverfield""?" ; 3 ; "Las Vegas ;  Nevada" ; "Chicago ;  Illinois" ; "New York ;  New York" ; "Orlando ;  Florida"
"When does ""Rogue One: A Star Wars Story"" take place chronologically in the series?" ; 4 ; Between Episode 4 and 5 ; After Episode 6 ; Before Episode 1 ; Between Episode 3 and 4
"Who played the Cenobite called ""Pinhead"" in the original Hellraiser films?" ; 2 ; Doug Benson ; Doug Bradley ; Doug Savant ; Doug Jones
What is the correct spelling of the protagonist of the book in The NeverEnding Story (1984)? ; 4 ; Atrayu ; Atraiyu ; Atraeyu ; Atreyu
"At the end of the 2001 film ""Rat Race"" ;  whose concert do the contestants crash?" ; 4 ; Linkin Park ; Sum 41 ; Bowling for Soup ; Smash Mouth
Who plays the character of Po in the Kung Fu Panda movies? ; 1 ; Jack Black ; McConahey Ramses ; Jim Petersson ; Mirana Jonnes
"In ""Star Trek Nemesis"" ;  why was Praetor Shinzon created?" ; 3 ; To destroy the Enterprise ; To steal the Enterprise ; To replace Picard as a Romulan Agent ; To become Picard's friend 
Leonardo Di Caprio won his first Best Actor Oscar for his performance in which film? ; 3 ; Shutter Island ; The Wolf Of Wall Street ; The Revenant ; Inception
"Which documentary film maker wrote and starred in the film ""My Scientology Movie"" which first debuted in 2015?" ; 2 ; Adam Curtis ; Louis Theroux ; Joe Berlinger ; Errol Morris
"What is the name of the supercomputer located in the control room in ""Jurassic Park"" (1993)?" ; 4 ; Cray X-MP ; IBM Blue Gene/Q ; Cray XK7 ; Thinking Machines CM-5
"In the ""Jurassic Park"" universe ;  when did ""Jurassic Park: San Diego"" begin construction?" ; 4 ; 1993 ; 1988 ; 1986 ; 1985
"What Queen song plays during the final fight scene of the film ""Hardcore Henry""?" ; 3 ; We Will Rock You ; Another Bites the Dust ; Don't Stop Me Now ; Brighton Rock
What is Lilo's last name from Lilo and Stitch? ; 4 ; Anoaʻi ; Kuʻulei ; Kealoha ; Pelekai
"Who provided a majority of the songs and lyrics for ""Spirit: Stallion of the Cimarron""?" ; 4 ; Air Supply ; Oasis ; Smash Mouth ; Bryan Adams
"In Big Hero 6 ;  what fictional city is the Big Hero 6 from?" ; 2 ; San Tokyo ; San Fransokyo ; Tokysisco ; Sankyo
"In the Friday The 13th series ;  what is Jason's mother's first name?" ; 2 ; Christine ; Pamela ; Mary ; Angeline
"In the Friday The 13th series ;  what year did Jason drown in?" ; 1 ; 1957 ; 1959 ; 1953 ; 1955
Which actor and martial artist starred as Colonel Guile in the 1994 action film adaptation of Street Fighter? ; 3 ; Chuck Norris ; Steven Seagal ; Jean-Claude Van Damme ; Scott Adkins
"Ed Koch ;  the Mayor of New York in 1984 ;  played himself in which Muppets movie?" ; 2 ; The Muppet Christmas Carol ; The Muppets Take Manhattan ; The Muppet Movie ; The Great Muppet Caper
Who directed the Kill Bill movies? ; 1 ; Quentin Tarantino ; David Lean ; Arnold Schwarzenegger ; Stanley Kubrick
"In ""ALF"" ;  what was ALF's real name?" ; 2 ; Gordon von Gam ; Gordon Shumway ; Gordon Foster ; Gordon Milipp
"Which musical artist had a prominent role in the 2017 film ""Kingsman: The Golden Circle""?" ; 2 ; Lady Gaga ; Elton John ; Rihanna ; Justin Bieber
Which Marvel superhero did Chris Evans play prior to his role as Captain America? ; 4 ; Cyclops ; Daredevil ; Iceman ; Human Torch
The film Mad Max: Fury Road features the Dies Irae  from which composer's requiem? ; 4 ; Mozart ; Brahms ; Berlioz ; Verdi
"Which of the following actors does not play a role in the movie ""The Usual Suspects?""" ; 1 ; Steve Buscemi ; Benicio Del Toro ; Kevin Spacey ; Gabriel Byrne
"What is the name of the foley artist who designed the famous sounds of Star Wars ;  including Chewbacca's roar and R2-D2's beeps and whistles?" ; 1 ; Ben Burtt ; Ken Burns ; Ralph McQuarrie ; Miranda Keyes
Which of the following is NOT a quote from the 1942 film Casablanca?  ; 4 ; """Round up the usual suspects.""" ; """Here's lookin' at you ;  kid.""" ; "“Of all the gin joints ;  in all the towns ;  in all the world ;  she walks into mine…”" ; """Frankly ;  my dear ;  I don't give a damn."""
"Which of the following was not one of ""The Magnificent Seven""?" ; 1 ; Clint Eastwood ; Charles Bronson ; Steve McQueen ; Robert Vaughn
What name did Tom Hanks give to his volleyball companion in the film `Cast Away`? ; 1 ; Wilson ; Billy ; Jones ; Friday
"Who directed ""E.T. the Extra-Terrestrial"" (1982)?" ; 2 ; James Cameron ; Steven Spielberg ; Stanley Kubrick ; Tim Burton
When was the movie 'Con Air' released? ; 4 ; 1990 ; 1999 ; 1985 ; 1997
"Who played the female lead in the 1933 film ""King Kong""?" ; 1 ; Fay Wray ; Jean Harlow ; Vivien Leigh ; Mae West
Velma Kelly and Roxie Hart are the protagonists of which Oscar winning movie? ; 3 ; Cabaret ; Dreamgirls ; Chicago ; All That Jazz
"In the 1984 movie ""The Terminator"" ;  what model number is the Terminator portrayed by Arnold Schwarzenegger?" ; 2 ; T-888 ; T-800 ; I-950 ; T-1000
"Who directed the movies ""Pulp Fiction"" ;  ""Reservoir Dogs"" and ""Django Unchained""?" ; 1 ; Quentin Tarantino ; Steven Spielberg ; Martin Scorcese ; James Cameron
What was Dorothy's surname in 'The Wizard Of Oz'? ; 1 ; Gale ; Day ; Parker ; Perkins
Which of the following James Bond villains is not affiliated with the SPECTRE organization? ; 3 ; Emilio Largo ; Dr. Julius No ; Auric Goldfinger ; Rosa Klebb
"This movie contains the quote ;  ""I love the smell of napalm in the morning!""" ; 3 ; Full Metal Jacket ; The Deer Hunter ; Apocalypse Now ; Platoon
In what year was the first Transformers movie released? ; 3 ; 2007 ; 1984 ; 1986 ; 2009
"What does TIE stand for in reference to the TIE Fighter in ""Star Wars""?" ; 4 ; Twin Iron Engine ; Twin Inception Engine ; Twin Intercepter Engine ; Twin Ion Engine
"Which of these actors/actresses is NOT a part of the cast for the 2016 movie ""Suicide Squad""?" ; 4 ; Margot Robbie ; Will Smith ; Jared Leto ; Scarlett Johansson
What did the first moving picture depict? ; 1 ; A galloping horse ; A woman in a dress ; A crackling fire ; A man walking
Who plays the Nemesis in the Resident Evil movies? ; 3 ; Jimmy Matts ; Jason Dip ; Matthew Taylor ; Eric Mabius
"In 2012 ;  which movie won every category in the 32nd ""Golden Raspberry Awards""?" ; 3 ; The Girl with the Dragon Tattoo ; Thor ; Jack and Jill ; The King's Speech
"In what Disney movie can you spot the character ""Pac-Man"" in if you look closely enough in some scenes?" ; 3 ; Big Hero 6 ; "Monsters ;  Inc." ; Tron ; Fantasia
"In the 1979 British film ""Quadrophenia"" what is the name of the main protagonist?" ; 4 ; Franc Roddam ; Archie Bunker ; Pete Townshend ; Jimmy Cooper
"Who played Baron Victor Frankestein in the 1957 Hammer horror film ""The Curse of Frankenstein""?" ; 3 ; Boris Karloff ; Vincent Price ; Peter Cushing ; Lon Chaney Jr.
Which one of these action movies are shot entirely in one take? ; 1 ; Victoria ; The Bourne Legacy ; Léon: The Professional ; Ip Man 2
Which one of these actors is said to be cut from the film 'E.T. the Extra-Terrestrial'? ; 1 ; Harrison Ford ; Arnold Schwarzenegger ; Andy Kaufman ; Michael J. Fox
"What is the correct phrase for the Latin saying ""Romanes Eunt Domus"" in Monty Python's Life of Brian?" ; 1 ; Romani Ite Domum ; Roxani Ite Domum ; Tomate Ite Domum ; Romans Go Home
"Who in Pulp Fiction says ""No ;  they got the metric system there ;  they wouldn't know what the fuck a Quarter Pounder is.""" ; 2 ; Butch Coolidge ; Vincent Vega ; Jules Winnfield ; Jimmie Dimmick
Which actor plays Obi-Wan Kenobi in Star Wars Episodes I-lll? ; 3 ; Hayden Christensen ; Liam Neeson ; Ewan McGregor ; Alec Guinness
"What city did the monster attack in the film ;  ""Cloverfield""?" ; 3 ; "Chicago ;  Illinois" ; "Las Vegas ;  Nevada" ; "New York ;  New York" ; "Orlando ;  Florida"
Who plays the character of Po in the Kung Fu Panda movies? ; 1 ; Jack Black ; Mirana Jonnes ; Jim Petersson ; McConahey Ramses
In which movie does Robin Williams' character have to disguise themselves into a woman? ; 2 ; Old Dogs ; Mrs. Doubtfire ; Jumanji ; Awakenings
"What type of cheese ;  loved by Wallace and Gromit ;  had it's sale prices rise after their successful short films?" ; 3 ; Cheddar ; Moon Cheese ; Wensleydale ; Edam
"In the 1995 film ""Balto"" ;  who are Steele's accomplices?" ; 3 ; "Dusty ;  Kirby ;  and Ralph" ; "Nuk ;  Yak ;  and Sumac" ; "Kaltag ;  Nikki ;  and Star" ; "Jenna ;  Sylvie ;  and Dixie"
"In ""Star Trek Nemesis"" ;  why was Praetor Shinzon created?" ; 2 ; To become Picard's friend  ; To replace Picard as a Romulan Agent ; To steal the Enterprise ; To destroy the Enterprise
Mark Wahlberg played the titular character of which 2008 video-game adaptation? ; 3 ; God Of War ; Hitman ; Max Payne ; Alan Wake
Leonardo Di Caprio won his first Best Actor Oscar for his performance in which film? ; 2 ; The Wolf Of Wall Street ; The Revenant ; Inception ; Shutter Island
"Which documentary film maker wrote and starred in the film ""My Scientology Movie"" which first debuted in 2015?" ; 2 ; Joe Berlinger ; Louis Theroux ; Errol Morris ; Adam Curtis
"Which of the following films was directed by Ivan Reitman ;  written by Gary Ross ;  featured Kevin Kline ;  and was released in 1993?" ; 1 ; Dave ; John ; Will ; Carl
What film did James Cameron's Avatar dethrone as the highest-grossing film ever? ; 1 ; Titanic ; Jaws ; Star Wars ; Gone with the Wind
Which sci-fi cult films plot concerns aliens attempting to prevent humans from creating a doomsday weapon? ; 2 ; The Man from Planet X ; Plan 9 from Outer Space ; The Day The Earth Stood Still ; It Came from Outer Space
"Which 1994 film did Roger Ebert famously despise ;  saying ""I hated hated hated hated hated this movie""." ; 4 ; The Santa Clause ; 3 Ninjas Kick Back ; Richie Rich ; North
Who directed the Kill Bill movies? ; 1 ; Quentin Tarantino ; Stanley Kubrick ; David Lean ; Arnold Schwarzenegger
Who did the score to the original Blade Runner? ; 1 ; Vangelis ; Kitaro ; Enya ; Yanni
Which of the following films was NOT directed by Quentin Tarantino? ; 1 ; From Dusk till Dawn ; Reservoir Dogs ; Pulp Fiction ; Jackie Brown
Which of the following actors has only been in a Quentin Tarantino directed film once? ; 4 ; Harvey Keitel ; Christoph Waltz ; Samuel L. Jackson ; John Travolta
The film Mad Max: Fury Road features the Dies Irae  from which composer's requiem? ; 4 ; Brahms ; Mozart ; Berlioz ; Verdi
"In the movie ""Back to the Future ; "" what speed does Doc Brown's DeLorean need to reach in order to travel through time?" ; 4 ; 100 mph ; 77 mph ; 70 mph ; 88 mph
"In the movie ""V for Vendetta ; "" what is the date that masked vigilante ""V"" urges people to remember?" ; 2 ; November 6th ; November 5th ; November 4th ; September 5th
"Which of the following actors does not play a role in the movie ""The Usual Suspects?""" ; 1 ; Steve Buscemi ; Gabriel Byrne ; Benicio Del Toro ; Kevin Spacey
What was the wifi password given to Stephen Strange in Doctor Strange? ; 2 ; Peace ; Shambala ; Ancient ; Chakra
What were the Chilled Monkey Brains made from during Indiana Jones and the Temple of Doom? ; 4 ; Cherry Yogurt ; Strawberry Ice Cream ; Raspberry Sorbet ; Custard and Raspberry Sauce
Which singer is portrayed by Bruce Campbell in the 2002 film 'Bubba Ho-Tep'? ; 3 ; "Hank Williams ;  Sr." ; Johnny Cash ; Elvis Presley ; Buddy Holly
What name did Tom Hanks give to his volleyball companion in the film `Cast Away`? ; 1 ; Wilson ; Jones ; Friday ; Billy
"In which 1973 film does Yul Brynner play a robotic cowboy who malfunctions and goes on a killing	spree?" ; 1 ; Westworld ; The Terminators ; Runaway ; Android
"In the 1984 movie ""The Terminator"" ;  what model number is the Terminator portrayed by Arnold Schwarzenegger?" ; 3 ; T-888 ; I-950 ; T-800 ; T-1000
"Who directed the 2015 movie ""The Revenant""?" ; 3 ; Christopher Nolan ; Wes Anderson ; Alejandro G. Iñárritu ; David Fincher
In which 1955 film does Frank Sinatra play Nathan Detroit? ; 3 ; High Society ; Anchors Aweigh ; Guys and Dolls ; From Here to Eternity
What was Dorothy's surname in 'The Wizard Of Oz'? ; 3 ; Perkins ; Parker ; Gale ; Day
"What was the title of the first Bond movie ;  released in 1962?" ; 2 ; From Russia with Love ; Dr. No ; Thunderball ; Goldfinger
"Who directed the 1973 film ""American Graffiti""?" ; 4 ; Ron Howard ; Francis Ford Coppola ; Steven Spielberg ; George Lucas
"This movie contains the quote ;  ""I love the smell of napalm in the morning!""" ; 2 ; Platoon ; Apocalypse Now ; The Deer Hunter ; Full Metal Jacket
"This movie contains the quote ;  ""Houston ;  we have a problem.""" ; 4 ; Marooned ; Capricorn One ; The Right Stuff ; Apollo 13
"This movie contains the quote ;  ""What we've got here is a failure to communicate.""" ; 3 ; The Graduate ; In the Heat of the Night ; Cool Hand Luke ; Bonnie and Clyde
In what year was the first Transformers movie released? ; 4 ; 2007 ; 2009 ; 1984 ; 1986
What was the first James Bond film? ; 3 ; From Russia With Love ; Goldfinger ; Dr. No ; Thunderball
Which movie includes a giant bunny-like spirit who has magic powers including growing trees? ; 1 ; My Neighbor Totoro ; Alice in Wonderland ; Hop ; Rise of the Guardians
Which movie sequel had improved box office results compared to its original film? ; 4 ; Speed 2: Cruise Control ; Son of the Mask ; Sin City: A Dame to Kill For ; Toy Story 2
"Which iconic character is featured in movies such as ""The Enforcer"" ;  ""Sudden Impact"" ;  and ""The Dead Pool""?" ; 2 ; James Bond ; Dirty Harry ; Harry Potter ; Indiana Jones
"In 2012 ;  which movie won every category in the 32nd ""Golden Raspberry Awards""?" ; 2 ; The King's Speech ; Jack and Jill ; Thor ; The Girl with the Dragon Tattoo
"In the 1979 British film ""Quadrophenia"" what is the name of the seaside city the mods are visiting?" ; 4 ; Eastbourne ; Bridlington ; Mousehole ; Brighton
"In the 2010 Nightmare on Elm Street reboot ;  who played Freddy Kruger?" ; 1 ; Jackie Earle Haley ; Tyler Mane ; Derek Mears ; Gunnar Hansen
Which one of these films are shot entirely in one-take? ; 2 ; Good Will Hunting ; Russian Ark ; Schindler's List ; Birdman
Which one of these action movies are shot entirely in one take? ; 3 ; Léon: The Professional ; Ip Man 2 ; Victoria ; The Bourne Legacy
Who played Sgt. Gordon Elias in 'Platoon' (1986)? ; 2 ; Johnny Depp ; Willem Dafoe ; Matt Damon ; Charlie Sheen
"In ""Jurassic World"" ;  what is the name of the dinosaur that is a genetic hybrid?" ; 4 ; Tyrannosaurus Rex  ; Mosasaurus ; Pteranodon ; Indominus Rex
"In the movie ""Spaceballs"" ;  what are the Spaceballs attempting to steal from Planet Druidia?" ; 1 ; Air ; Meatballs ; The Schwartz ; Princess Lonestar
"In The Lord of the Rings: The Fellowship of the Ring ;  which one of the following characters from the book was left out of the film?" ; 4 ; Strider ; Celeborn ; Barliman Butterbur ; Tom Bombadil
Which animated film did Steven Lisberger direct in 1980 before going on to direct Tron? ; 3 ; The Great Mouse Detecive ; The Black Cauldron ; Animalympics ; The Fox and the Hound
"What was the name of the actor who played Leatherface in the 1974 horror film ;  The Texas Chainsaw Massacre?" ; 2 ; Joe Bill Hogan ; Gunnar Hansen ; John Dugan ; Edwin Neal
"In the movie Gremlins ;  after what time of day should you not feed Mogwai?" ; 2 ; Morning ; Midnight ; Evening ; Afternoon
What was the name of the protagonist in the movie Commando (1985)? ; 4 ; Ben Richards ; Harry Tasker ; Douglas Quaid ; John Matrix
"Which famous singer was portrayed by actor Kevin Spacey in the 2004 biographical film ""Beyond the Sea""?" ; 1 ; Bobby Darin ; Louis Armstrong ; Dean Martin ; Frank Sinatra
"Who is the director of the 1991 film ""Silence of the Lambs""?" ; 2 ; Stanley Kubrick ; Jonathan Demme ; Frank Darabont ; Michael Bay
"In ""Jurassic World"" ;  which company purchases InGen and creates Jurassic World?" ; 3 ; Biology Synthetics Technologies ; International Genetics Incorporated ; Masrani Global Corporation  ; International Genetic Technologies
"Which actress portrayed Dr. Grace Augustine in the James Cameron movie ""Avatar""?" ; 4 ; Melissa Beckett ; Jessica Chastain ; Alyssa Monroe  ; Sigourney Weaver
"What Queen song plays during the final fight scene of the film ""Hardcore Henry""?" ; 2 ; Brighton Rock ; Don't Stop Me Now ; Another Bites the Dust ; We Will Rock You
Which town is the setting for the Disney movie The Love Bug (1968)? ; 1 ; San Francisco ; Sacramento ; Los Angeles ; San Jose
"In Finding Nemo ;  what was the name of Nemo's mom?" ; 3 ; Sandy ; Pearl ; Coral ; Shelly
"Who provided a majority of the songs and lyrics for ""Spirit: Stallion of the Cimarron""?" ; 2 ; Smash Mouth ; Bryan Adams ; Oasis ; Air Supply
Where does the original Friday The 13th movie take place? ; 2 ; Higgins Haven ; Camp Crystal Lake ; Packanack ; Camp Forest Green
"Which stand-up comedian voiced the talking parrot ""Iago"" in Disney's 1992 adaptation of Aladdin?" ; 2 ; Robin Williams ; Gilbert Gottfried ; Jonathan Freeman ; Pauly Shore
Which sci-fi cult films plot concerns aliens attempting to prevent humans from creating a doomsday weapon? ; 1 ; Plan 9 from Outer Space ; The Day The Earth Stood Still ; The Man from Planet X ; It Came from Outer Space
Which actor and martial artist starred as Colonel Guile in the 1994 action film adaptation of Street Fighter? ; 3 ; Chuck Norris ; Scott Adkins ; Jean-Claude Van Damme ; Steven Seagal
"Who performed the opening theme song for the James Bond 007 movie ""Goldfinger""?" ; 4 ; Sheena Easton ; Tom Jones ; John Barry ; Shirley Basey
"Brendan Fraser starred in the following movies ;  except which one?" ; 2 ; Monkeybone ; Titanic ; Encino Man ; Mrs. Winterbourne
Which of the following actors has only been in a Quentin Tarantino directed film once? ; 4 ; Harvey Keitel ; Samuel L. Jackson ; Christoph Waltz ; John Travolta
What historical time period was the center of the Assassin’s Creed movie (2016)? ; 3 ; Colonial America ; Victorian England ; Spanish Inquisition ; French Revolution
"In the movie ""Back to the Future ; "" what speed does Doc Brown's DeLorean need to reach in order to travel through time?" ; 2 ; 70 mph ; 88 mph ; 77 mph ; 100 mph
"In the movie ""V for Vendetta ; "" what is the date that masked vigilante ""V"" urges people to remember?" ; 4 ; September 5th ; November 4th ; November 6th ; November 5th
"Which actor plays the role of the main antagonist in the 2011 movie ""Tower Heist?""" ; 3 ; Alec Baldwin ; Eddie Murphy ; Alan Alda ; Kevin Nealon
"About how much money did it cost for Tommy Wiseau to make his masterpiece ""The Room"" (2003)?" ; 3 ; $10 Million ; $1 Million ; $6 Million ; "$20 ; 000"
Which singer is portrayed by Bruce Campbell in the 2002 film 'Bubba Ho-Tep'? ; 4 ; Johnny Cash ; Buddy Holly ; "Hank Williams ;  Sr." ; Elvis Presley
The seed drill was invented by which British inventor? ; 2 ; Charles Babbage ; Jethro Tull ; Isaac Newton ; J.J Thomson
"During the Mongolian invasions of Japan ;  what were the Mongol boats mostly stopped by?" ; 3 ; Economic depression ; Tornados ; Typhoons ; Samurai
Which German field marshal was known as the `Desert Fox`? ; 4 ; Wolfram Freiherr von Richthofen ; Ernst Busch ; Wilhelm List ; Erwin Rommel
Joseph Smith was the founder of what religion? ; 3 ; Hinduism ; Christianity ; Mormonism ; Buddhism
Spain was formed in 1469 with the marriage of Isabella I of Castile and Ferdinand II of what other Iberian kingdom? ; 3 ; Navarre ; Galicia ; Aragon ; León
"The Tsar Bomba ;  the most powerful nuclear bomb ever tested ;  had a yield of 50 megatons but theoretically had a maximum yield of how much?" ; 4 ; 150 Megatons ; 75 Megatons ; 200 Megatons ; 100 Megatons
Which one of these tanks was designed and operated by the United Kingdom? ; 2 ; M4 Sherman ; Tog II ; Tiger H1 ; T-34
What was the name of the spy ring that helped the United States win the Revolutionary War? ; 4 ; Washington's Spies ; Unnamed ; New York Spy Ring ; Culper Ring
Who was the first explorer to sail to North America? ; 4 ; Amerigo Vespucci ; Ferdinand Magellan ; Christopher Columbus ; Leif Erikson
When did Spanish Peninsular War start? ; 1 ; 1808 ; 1809 ; 1806 ; 1810
"Which country had an ""Orange Revolution"" between 2004 and 2005?" ; 1 ; Ukraine ; Belarus ; Latvia ; Lithuania
What year was Canada founded in? ; 2 ; 1859 ; 1867 ; 1668 ; 1798
Which of the following battles is often considered as marking the beginning of the fall of the Western Roman Empire? ; 3 ; Battle of Constantinople ; Battle of Pollentia ; Battle of Adrianople ; Battle of Thessalonica
List the following Iranic empires in chronological order: ; 4 ; "Median ;  Achaemenid ;  Sassanid ;  Parthian" ; "Achaemenid ;  Median ;  Sassanid ;  Parthian" ; "Achaemenid ;  Median ;  Parthian ;  Sassanid" ; "Median ;  Achaemenid ;  Parthian ;  Sassanid"
How old was Lyndon B. Johnson when he assumed the role of President of the United States? ; 2 ; 54 ; 55 ; 60 ; 50
In what year was the video game company Electronic Arts founded? ; 4 ; 2005 ; 1999 ; 1981 ; 1982
How many sonatas did Ludwig van Beethoven write? ; 2 ; 50 ; 32 ; 21 ; 31
Joseph Stalin had a criminal past doing what? ; 2 ; Tax Evasion ; Robbing Trains ; Murder for Hire ; Identity Fraud
When was Google founded? ; 3 ; "Feburary 7th ;  2000" ; "December 12 ;  1989" ; "September 4 ;  1998" ; "October 9 ;  1997"
When did Norway get its constitution? ; 1 ; 1814 ; 1854 ; 1905 ; 1932
When did Norway become free from Sweden? ; 4 ; 1834 ; 1925 ; 1814 ; 1905
Who was the first prime minister of Canada? ; 2 ; Robert Borden ; John Macdonald ; John Abbott ; Alexander Mackenzie
"When did the United States formally declare war on Japan ;  entering World War II?" ; 4 ; "September 1 ;  1939" ; "June 22 ;  1941" ; "June 6 ;  1944" ; "December 8 ;  1941"
"When was the city of Rome ;  Italy founded?" ; 2 ; 697 BCE ; 753 BCE ; 524 BCE ; 902 BCE
"What was the code name for the Allied invasion of Southern France on August 15th ;  1944?" ; 1 ; Operation Dragoon ; Operation Overlord ; Operation Market Garden ; Operation Torch
Who was the leader of the Communist Party of Yugoslavia ? ; 1 ; Josip Broz Tito ; Milos Obilic ; Aleskandar Petrovic ; Karadjordje Petrovic
"The Fallingwater House ;  located in Pennsylvania ;  was designed by which architect?" ; 2 ; Le Corbusier ; Frank Lloyd Wright ; Antoni Gaudi ; Frank Gehry
In which year was Constantinople conquered by the Turks? ; 4 ; 1435 ; 1440 ; 1454 ; 1453
In what year did Kentucky become the 15th state to join the union? ; 3 ; 1782 ; 1798 ; 1792 ; 1788
What was the original name of New York City? ; 1 ; New Amsterdam ; New Paris ; New London ; New Rome
"When was the ""Siege of Leningrad"" lifted during World War II?" ; 4 ; -44 ; -43 ; -43 ; -44
"In 1961 ;  an American B-52 aircraft crashed and nearly detonated two 4mt nuclear bombs over which US city?" ; 4 ; "Hicksville ;  New York" ; "Jacksonville ;  Florida" ; "Conway ;  Arkansas" ; "Goldsboro ;  North Carolina"
When was the People's Republic of China founded? ; 3 ; "May 7 ;  1945" ; "April 3 ;  1947" ; "October 1 ;  1949" ; "December 6 ;  1950"
The minigun was designed in 1960 by which manufacturer. ; 4 ; Colt Firearms ; Sig Sauer ; Heckler & Koch ; General Electric
Which country gifted the Statue of Liberty to the United States of America? ; 3 ; England ; Germany ; France ; Spain
"On which aircraft carrier did the Doolitte Raid launch from on April 18 ;  1942 during World War II?" ; 3 ; USS Enterprise ; USS Lexington ; USS Hornet ; USS Saratoga
Which country was Josef Stalin born in? ; 3 ; Poland ; Russia ; Georgia ; Germany
Toussaint Louverture led a successful slave revolt in which country? ; 3 ; Cuba ; France ; Haiti ; United States
"From 1940 to 1942 ;  what was the capital-in-exile of Free France ?" ; 4 ; Tunis ; Algiers ; Paris ; Brazzaville
The pantheon in Rome was used to worship what god? ; 2 ; Zeus ; Any god they wanted ; Athena ; Both Athena and Zeus
"During World War I ;  which nation's monarchs were blood related?" ; 1 ; "England ;  Germany ;  Russia" ; "France ;  Russia ;  Germany" ; "Serbia ;  Russia ;  Croatia" ; "Germany ;  Spain ;  Austria"
Which Louis was known as 'The Sun King of France'? ; 3 ; Louis XIII ; Louis XVI ; Louis XIV ; Louis XV
Who was the last Roman emperor in the Year of Four Emperors (69 AD)? ; 3 ; Galba ; Vitellius ; Vespasian ; Otho
Who rode on horseback to warn the Minutemen that the British were coming during the U.S. Revolutionary War? ; 2 ; Nathan Hale ; Paul Revere ; Henry Longfellow ; Thomas Paine
The Bohemian Revolt (1618-1620) started after Protestants in Prague did what to their Catholic Lords Regents? ; 4 ; Hung them. ; Insulted their mothers ; Locked them in stockades ; Threw them out of a window
Which U.S. President was famously 'attacked' by a swimming rabbit? ; 4 ; Gerald Ford ; Ronald Reagan ; Lydon B. Johnson ; Jimmy Carter
Abolitionist John Brown raided the arsenal in which Virginia Town? ; 4 ; Harrisonburg ; Richmond ; Martinsburg ; Harper's Ferry
The Panama Canal was finished under the administration of which U.S. president? ; 4 ; Franklin Delano Roosevelt ; Herbert Hoover ; Theodore Roosevelt ; Woodrow Wilson
Which of these facilities was not present on the Titanic? ; 1 ; Fainting room ; Turkish bath ; Kennel ; Squash court
"Which Nazi General was known as the ""Desert Fox""?" ; 4 ; Heinz Guderian  ; Gerd von Rundstadt ; Wilhelm Keitel ; Erwin Rommel
What event marked the start of World War II? ; 3 ; Invasion of Russia (1942) ; Invasion of Normandy (1944) ; Invasion of Poland (1939) ; Battle of Britain (1940)
Which of these countries was sea charted in 1500 by the Portuguese maritime explorations? ; 2 ; Mozambique ; Brazil ; Madagascar ; India
"During what war did the ""Cuban Missile Crisis"" occur?" ; 2 ; World War II ; Cold War ; World War I ; Revolutionary War
Who discovered Penicillin? ; 3 ; Louis Pasteur ; Alfred Nobel ; Alexander Flemming ; Marie Curie
"The Tsar Bomba ;  the most powerful nuclear bomb ever tested ;  had a yield of 50 megatons but theoretically had a maximum yield of how much?" ; 3 ; 75 Megatons ; 200 Megatons ; 100 Megatons ; 150 Megatons
In what year was the famous 45 foot tall Hollywood sign first erected? ; 3 ; 1913 ; 1933 ; 1923 ; 1903
The crown of the Empire State Building was originally built for what purpose? ; 4 ; Lightning Rod ; Antennae ; Flag Pole ; Airship Dock
On what day did Germany invade Poland? ; 4 ; "June 22 ;  1941" ; "July 7 ;  1937" ; "December 7 ;  1941" ; "September 1 ;  1939"
When did Jamaica recieve its independence from England?  ; 4 ; 1492 ; 1987 ; 1963 ; 1962
What year was Canada founded in? ; 1 ; 1867 ; 1798 ; 1668 ; 1859
Which of the following ancient Near Eastern peoples still exists as a modern ethnic group? ; 3 ; Elamites ; Babylonians ; Assyrians ; Hittites
All of the following are names of the Seven Warring States EXCEPT: ; 4 ; Qin (秦) ; Qi (齊) ; Zhao (趙) ; Zhai (翟)
The original Roman alphabet lacked the following letters EXCEPT: ; 4 ; J ; W ; U ; X
The creator of the Enigma Cypher and Machine was of what nationality? ; 1 ; German ; American ; Polish ; British
What age was King Henry V when he died? ; 1 ; 35 ; 62 ; 73 ; 87
When was the United States National Security Agency established? ; 4 ; "July 26 ;  1908" ; " November 25 ;  2002" ; " July 1 ;  1973" ; "November 4 ;  1952"
What was Manfred von Richthofen's nickname? ; 2 ; The Blue Serpent  ; The Red Baron ; The Germany Gunner ; The High Flying Ace
What did the first vending machines in the early 1880's dispense? ; 3 ; Cigarettes ; Sodas  ; Post cards ; Alcohol
Which modern day country is the region that was known as Phrygia in ancient times? ; 3 ; Syria ; Greece ; Turkey ; Egypt
In what prison was Adolf Hitler held in 1924? ; 1 ; Landsberg Prison ; Hohenasperg ; Spandau Prison ; Ebrach Abbey
When did the Battle of the Somme begin? ; 4 ; "July 2nd ;  1916" ; "June 30th ;  1916" ; "August 1st ;  1916" ; "July 1st ;  1916"
What year were the Marian Reforms instituted in the Roman Republic? ; 2 ; 264 BCE ; 107 BCE ; 102 CE ; 42 BCE
Joseph Stalin had a criminal past doing what? ; 1 ; Robbing Trains ; Identity Fraud ; Tax Evasion ; Murder for Hire
What nationality was sultan Saladin? ; 2 ; Arab ; Kurdish ; Syrian ; Egyptian
What year was the United States Declaration of Independence signed? ; 2 ; 1774 ; 1776 ; 1775 ; 1777
The Hagia Sophia was commissioned by which emperor of the Byzantine Empire? ; 2 ; Constantine IV ; Justinian I ; Theodosius the Great ; Arcadius
"During the Spanish Civil War (1936) ;  Francisco Franco fought for which political faction?" ; 4 ; Popular Front ; Republican Spain ; Papal State ; Nationalist Spain
What was found in 1946 by two young shepards near a cave? ; 2 ; The Blackbeard Chest ; Dead Sea Scrolls ; The First Oaxaca Cave Sleeper ; Sheep
When did Norway become free from Sweden? ; 4 ; 1814 ; 1925 ; 1834 ; 1905
In what dialogue did Socrates defend himself to the court of Athens?  ; 2 ; The Euthyphro ; The Apology ; The Republic ; The Laws
Which historical conflict killed the most people? ; 4 ; Taiping Rebellion ; Mongol conquests ; Three Kingdoms War ; World War II
How long did World War II last? ; 2 ; 4 years ; 6 years ; 5 years ; 7 years
"In World War I ;  what was the name of the alliance of Germany ;  Austria-Hungary ;  the Ottoman Empire ;  and Bulgaria?" ; 3 ; The Federation of Empires ; Authoritarian Alliance ; The Central Powers ; The Axis Powers
How long did the Warsaw Uprising during World War II last? ; 3 ; 224 Days ; 20 Days ; 63 Days ; 55 Days
"In 1961 ;  an American B-52 aircraft crashed and nearly detonated two 4mt nuclear bombs over which US city?" ; 4 ; "Conway ;  Arkansas" ; "Jacksonville ;  Florida" ; "Hicksville ;  New York" ; "Goldsboro ;  North Carolina"
When was the People's Republic of China founded? ; 2 ; "May 7 ;  1945" ; "October 1 ;  1949" ; "April 3 ;  1947" ; "December 6 ;  1950"
When did construction of the Suez Canal finish? ; 1 ; 1869 ; 1859 ; 1860 ; 1850
Who led the Communist Revolution of Russia? ; 3 ; Mikhail Gorbachev ; Vladimir Putin ; Vladimir Lenin ; Joseph Stalin
What year did the Vietnam War end? ; 2 ; 1967 ; 1975 ; 1969 ; 1978
Who was the only US President to be elected four times? ; 2 ; Abraham Lincoln ; Franklin Roosevelt ; Theodore Roosevelt ; George Washington
Which English king was married to Eleanor of Aquitaine? ; 4 ; Henry I ; Richard I ; Henry V ; Henry II
Who assassinated President James A. Garfield? ; 4 ; John Wilkes Booth ; Leon Czolgosz ; Sirhan Sirhan ; Charles Guiteau
Which Louis was known as 'The Sun King of France'? ; 2 ; Louis XVI ; Louis XIV ; Louis XIII ; Louis XV
The Bohemian Revolt (1618-1620) started after Protestants in Prague did what to their Catholic Lords Regents? ; 2 ; Locked them in stockades ; Threw them out of a window ; Insulted their mothers ; Hung them.
The Thirty Years War ended with which treaty? ; 3 ; Treaty of Versailles ; Peace of Prague ; Peace of Westphalia ; Treaty of Paris
Which of the following physicists did NOT work on the Manhattan project? ; 2 ; John Von-Neumann ; Murray Gell-Mann ; J. Robert Oppenheimer ; Richard Feynman
What was the name of the chemical that was dropped on Vietnam during the Vietnam war? ; 2 ; Hydrogen Cyanide ; Agent Orange ; Mustard Gas ; Phosgene
Which of these theoretical phycisists first predicted the existence of antimatter? ; 4 ; Albert Einstein ; Niels Bohr ; Werner Heisenberg ; Paul Dirac
"Which country did the Eureka Rebellion ;  an 1856 battle against colonial rule ;  take place in?" ; 3 ; India ; Brazil ; Australia ; Canada
What is the name of the Boeing B-29 that dropped the 'Little Boy' atomic bomb on Hiroshima? ; 3 ; Full House ; Necessary Evil ; Enola Gay ; The Great Artiste
The seed drill was invented by which British inventor? ; 3 ; Isaac Newton ; J.J Thomson ; Jethro Tull ; Charles Babbage
"During the Mongolian invasions of Japan ;  what were the Mongol boats mostly stopped by?" ; 2 ; Tornados ; Typhoons ; Economic depression ; Samurai
"During what war did the ""Cuban Missile Crisis"" occur?" ; 2 ; World War II ; Cold War ; World War I ; Revolutionary War
"The Tsar Bomba ;  the most powerful nuclear bomb ever tested ;  had a yield of 50 megatons but theoretically had a maximum yield of how much?" ; 4 ; 150 Megatons ; 200 Megatons ; 75 Megatons ; 100 Megatons
Which one of these tanks was designed and operated by the United Kingdom? ; 2 ; T-34 ; Tog II ; M4 Sherman ; Tiger H1
The Battle of the Somme in World War I took place in which country? ; 4 ; Italy ; Austria ; Germany ; France
Which of the following Assyrian kings did NOT rule during the Neo-Assyrian Empire? ; 3 ; Esharhaddon ; Ashur-nasir-pal II ; Shamshi-Adad III ; Shalmaneser V
The original Roman alphabet lacked the following letters EXCEPT: ; 3 ; W ; J ; X ; U
Which of these countries remained neutral during World War II? ; 2 ; United Kingdom ; Switzerland ; Italy ; France
Which of these countries was NOT a part of the Soviet Union? ; 2 ; Turkmenistan ; Afghanistan ; Uzbekistan ; Kazakhstan
What did the first vending machines in the early 1880's dispense? ; 1 ; Post cards ; Sodas  ; Alcohol ; Cigarettes
When did Canada leave the confederation to become their own nation? ; 1 ; "July 1st ;  1867" ; "July 1st ;  1832" ; "July 1st ;  1763" ; "July 1st ;  1902"
In what prison was Adolf Hitler held in 1924? ; 1 ; Landsberg Prison ; Ebrach Abbey ; Hohenasperg ; Spandau Prison
"During the Wars of the Roses (1455 - 1487) which Englishman was dubbed ""the Kingmaker""?" ; 2 ; Richard III ; Richard Neville ; Thomas Warwick ; Henry V
When did the Battle of the Bulge end? ; 2 ; "December 7 ;  1941" ; "January 25 ;  1945" ; "December 16 ;  1944" ; "August 6 ;  1945"
In what year did the North American Video Game Crash occur? ; 4 ; 1982 ; 1993 ; 1970 ; 1983
In what year was the video game company Electronic Arts founded? ; 2 ; 1981 ; 1982 ; 1999 ; 2005
"During the Roman Triumvirate of 42 BCE ;  what region of the Roman Republic was given to Lepidus?" ; 3 ; Italia ; Gallia ; Hispania  ; Asia
Who was the Prime Minister of Japan when Japan declared war on the US? ; 3 ; Fumimaro Konoe ; Isoroku Yamamoto ; Hideki Tojo ; Michinomiya Hirohito
"Who invented the ""Flying Shuttle"" in 1738 ;  one of the key developments in the industrialization of weaving?" ; 1 ; John Kay ; Richard Arkwright ; James Hargreaves ; John Deere
What was Napoleon Bonaparte's name before he changed it? ; 2 ; Napoleona de Buenoparte ; Napoleone di Buonaparte ; Naapolion van Bonijpaart ; Napoleão do Boaparte
When did Norway get its constitution? ; 1 ; 1814 ; 1905 ; 1854 ; 1932
"When Christopher Columbus sailed to America ;  what was the first region he arrived in?" ; 4 ; Isthmus of Panama ; Florida ; Nicaragua ; The Bahamas Archipelago
How was Socrates executed? ; 3 ; Decapitation ; Crucifixion  ; Poison ; Firing squad
In what dialogue did Socrates defend himself to the court of Athens?  ; 1 ; The Apology ; The Euthyphro ; The Laws ; The Republic
Which of the following countries was not an axis power during World War II? ; 4 ; Italy ; Japan ; Germany ;  Soviet Union
Which Las Vegas casino was originally constructed and operated by mobster Bugsy Siegel? ; 1 ; The Flamingo ; The Sahara ; The MGM Grand ; The Sands
"The ""Trail of Tears"" was a result of which United States President's Indian Removal Policy?" ; 2 ; Martin Van Buren ; Andrew Jackson ; John Quincy Adams ; Harry S. Truman
In which years did the Battle of Gallipoli take place? ; 4 ; 1914 - 1915 ; 1914 - 1918 ; 1915 - 1918 ; 1915 - 1916
"What was the aim of the ""Umbrella Revolution"" in Hong Kong in 2014?" ; 1 ; Genuine universal suffrage ; Gaining Independence ; Lower taxes ; Go back under British Rule
In what year did the Berlin Wall fall? ; 2 ; 1991 ; 1989 ; 1987 ; 1993
What was the name of the German offensive operation in October 1941 to take Moscow before winter? ; 1 ; Operation Typhoon ; Operation Sunflower ; Operation Barbarossa ; Case Blue
When was the People's Republic of China founded? ; 4 ; "May 7 ;  1945" ; "April 3 ;  1947" ; "December 6 ;  1950" ; "October 1 ;  1949"
Which country gifted the Statue of Liberty to the United States of America? ; 3 ; England ; Germany ; France ; Spain
"Before the American colonies switched to the Gregorian calendar in 1752 ;  on what date did their new year start?" ; 3 ; June 1st ; September 25th ; March 25th ; December 1st
Which English king was married to Eleanor of Aquitaine? ; 4 ; Henry V ; Henry I ; Richard I ; Henry II
Who was the first man to travel into outer space twice? ; 4 ; Vladimir Komarov ; Charles Conrad ; Yuri Gagarin ; Gus Grissom
"During World War I ;  which nation's monarchs were blood related?" ; 2 ; "Germany ;  Spain ;  Austria" ; "England ;  Germany ;  Russia" ; "Serbia ;  Russia ;  Croatia" ; "France ;  Russia ;  Germany"
In what year did Texas secede from Mexico? ; 3 ; 1838 ; 1844 ; 1836 ; 1845
Which U.S. President was famously 'attacked' by a swimming rabbit? ; 3 ; Ronald Reagan ; Lydon B. Johnson ; Jimmy Carter ; Gerald Ford
"The coat of arms of the King of Spain contains the arms from the monarchs of Castille ;  Leon ;  Aragon and which other former Iberian kingdom?" ; 4 ; Catalonia ; Galicia ; Granada ; Navarre
Abolitionist John Brown raided the arsenal in which Virginia Town? ; 4 ; Harrisonburg ; Richmond ; Martinsburg ; Harper's Ferry
"After his loss at the Battle of Waterloo ;  Napoleon Bonaparte was exiled to which island?" ; 2 ; Canary ; St. Helena ; Elba ; Corsica
Which of the following physicists did NOT work on the Manhattan project? ; 1 ; Murray Gell-Mann ; J. Robert Oppenheimer ; John Von-Neumann ; Richard Feynman
Which of these founding fathers of the United States of America later became president? ; 3 ; Alexander Hamilton ; Samuel Adams ; James Monroe ; Roger Sherman
Which of these theoretical phycisists first predicted the existence of antimatter? ; 2 ; Werner Heisenberg ; Paul Dirac ; Niels Bohr ; Albert Einstein
"Which famous military commander marched an army ;  which included war elephants ;  over the Alps during the Second Punic War?" ; 4 ; Garmanicus ; Tiberius ; Alexander the Great ; Hannibal
"John Moses Browning ;  the designer of the M1918 BAR (Browning Automatic Rifle) was a part of which religion?" ; 3 ; Jewish ; Catholic ; Mormon ; Atheist
"Who is the creator of the soft drink ;  Dr. Pepper?" ; 3 ; James Wellington ; Johnson Hinsin ; Charles Alderton ; Boris Heviltik
What is the name of the Boeing B-29 that dropped the 'Little Boy' atomic bomb on Hiroshima? ; 3 ; The Great Artiste ; Full House ; Enola Gay ; Necessary Evil
